"","EDUC","CLASS","WRKSTAT","MARITAL","AGE","CHILDS","SEX","RELIG","SOCREL","SOCOMMUN","SOCFREND","SOCBAR","INTRNETUSE","INTPRFSSNL","UNPLUG","INTSKILL","INTSURF","INTLITERACY","INTAPPS","INTCOMM","INTSHARE","INTSEARCH","INTGAME","INTSTREAM","INTFNCL","INTMEET","INTLNLY","INTRUST","TRPPL"
"1",16,3,1,5,33,2,1,1,4,7,3,3,1,1,5,1,1,1,2,1,1,1,4,3,2,5,5,0,5
"2",12,3,2,5,19,0,1,1,1,2,4,7,2,4,2,1,1,1,1,2,3,2,2,1,3,3,5,8,0
"3",12,3,4,5,25,0,1,2,5,7,7,7,1,5,5,1,1,5,1,4,5,5,1,1,2,3,3,3,0
"4",5,2,5,2,68,1,2,4,2,2,5,2,1,5,2,1,1,1,1,3,4,2,5,2,4,5,5,3,5
"5",19,3,1,1,31,1,2,2,3,5,3,4,1,2,3,1,1,1,1,1,1,2,4,1,1,4,4,5,4
"6",8,2,2,3,41,2,2,2,5,5,5,5,1,2,6,2,2,2,2,2,2,2,5,2,2,4,4,4,5
"7",16,3,1,1,51,2,2,2,5,5,4,5,1,1,6,1,1,1,2,2,2,2,5,3,3,5,3,1,5
"8",12,2,3,1,48,1,1,2,5,5,6,6,1,1,5,2,2,2,2,1,5,1,5,1,1,5,5,3,3
"9",18,3,3,1,55,2,2,2,4,6,5,7,2,3,3,2,2,3,3,3,4,3,5,5,1,4,4,0,5
"10",18,2,1,5,61,0,2,4,2,6,5,7,1,1,5,2,2,4,2,1,2,2,1,1,1,5,4,5,1
"11",12,2,1,5,26,0,1,4,5,1,3,6,1,3,6,2,3,3,4,2,4,3,1,1,1,3,2,5,5
"12",17,3,1,1,71,2,2,2,3,7,2,3,4,5,4,3,3,2,3,3,3,3,5,3,3,4,4,0,5
"13",18,2,1,1,61,0,2,1,4,6,4,5,1,1,6,2,2,1,3,2,3,1,4,1,2,3,4,5,6
"14",16,3,1,5,24,0,2,2,6,2,2,2,1,1,2,1,1,1,2,2,3,1,4,1,2,5,5,3,6
"15",16,1,3,5,56,0,2,1,3,4,5,4,2,3,6,3,3,3,3,2,3,1,3,1,3,5,3,0,3
"16",16,4,1,5,26,0,1,1,5,7,2,2,1,1,4,1,1,2,1,1,1,1,4,2,2,5,2,3,6
"17",17,3,4,1,49,2,2,2,3,5,5,6,1,5,1,1,1,3,1,1,1,1,5,1,1,4,2,6,4
"18",15,3,2,5,23,0,1,4,6,3,2,5,1,3,2,1,1,1,1,3,3,1,4,1,2,4,5,2,1
"19",12,2,1,5,54,4,1,1,2,5,5,5,1,1,2,1,1,1,2,3,3,1,3,3,2,3,4,4,5
"20",13,3,2,5,56,1,1,10,5,1,1,1,1,1,6,1,1,3,1,1,1,1,5,1,1,5,3,0,5
"21",16,3,1,5,28,0,2,2,5,5,4,6,1,1,3,1,1,1,1,1,2,1,4,2,2,3,4,4,5
"22",16,3,4,5,46,0,2,4,5,2,4,3,1,1,4,1,1,2,1,2,1,1,5,3,1,5,4,1,4
"23",16,3,2,5,31,0,1,5,4,3,3,4,2,1,3,1,1,1,1,1,1,1,1,2,3,3,2,8,4
"24",3,1,7,1,74,5,2,2,2,2,3,7,1,5,5,3,3,1,3,1,2,1,5,2,2,4,3,0,5
"25",17,3,7,4,47,3,2,2,5,7,4,4,1,3,6,2,2,2,3,1,3,3,5,3,3,4,4,5,5
"26",12,2,1,3,50,2,2,2,3,4,2,6,3,4,6,3,3,3,3,3,4,3,5,5,4,5,4,1,5
"27",13,1,8,3,41,3,2,2,2,1,4,6,2,6,6,1,1,1,3,2,2,2,5,3,1,2,1,8,6
"28",7,3,7,1,36,3,2,9,2,7,4,7,1,5,5,1,1,1,3,1,5,4,5,5,5,4,4,0,4
"29",13,1,1,5,26,0,1,1,5,7,4,7,1,1,4,1,1,1,1,1,1,1,1,1,1,4,4,3,3
"30",12,3,5,5,55,1,2,2,3,5,4,7,2,3,5,2,2,1,2,1,3,3,3,3,3,5,5,0,9
"31",12,3,1,5,34,0,1,4,1,3,4,3,2,2,6,4,3,3,2,4,2,2,2,2,4,4,4,5,0
"32",15,3,1,5,61,0,2,1,6,2,3,4,3,4,6,2,3,4,4,3,4,5,5,3,5,5,5,0,7
"33",20,3,3,4,57,1,2,2,3,3,3,6,1,2,1,1,1,1,2,1,1,1,5,1,1,4,4,7,4
"34",18,3,1,1,60,0,1,2,6,7,7,7,2,1,6,2,1,1,2,2,2,2,5,1,3,4,1,5,0
"35",12,3,5,1,66,2,1,2,3,2,7,6,1,5,2,1,1,1,1,3,5,3,5,5,1,5,3,0,0
"36",12,3,1,2,55,3,2,2,6,7,7,4,1,2,6,1,1,1,1,1,1,1,5,2,5,4,4,0,0
"37",14,2,2,5,34,2,2,1,5,7,5,6,1,1,6,1,1,1,1,1,3,1,5,1,1,5,4,0,4
"38",16,2,1,3,32,0,2,2,1,1,4,6,1,1,4,1,1,1,1,1,1,1,1,1,1,3,3,5,5
"39",14,1,8,3,43,7,1,4,7,7,7,7,2,6,6,2,2,2,2,2,5,2,3,3,5,4,2,0,0
"40",13,1,6,4,43,4,2,2,1,6,4,5,4,4,4,1,1,1,2,1,2,2,4,3,5,4,4,5,7
"41",16,3,2,3,37,2,2,2,1,4,1,4,1,1,6,1,1,1,1,1,3,1,5,2,4,4,2,0,3
"42",10,3,4,5,44,0,1,1,2,1,6,6,2,3,5,1,1,5,4,1,1,1,1,1,1,4,4,0,5
"43",12,3,1,5,24,0,1,1,4,7,2,6,4,2,4,2,2,3,2,1,5,1,1,1,1,3,4,3,8
"44",20,2,1,5,55,1,1,1,6,3,4,6,1,1,6,1,2,3,3,3,5,1,5,2,2,3,4,0,1
"45",16,3,1,3,60,2,2,1,2,4,3,2,1,1,6,1,1,1,1,1,3,1,4,1,1,3,1,2,7
"46",16,3,4,1,53,2,1,4,5,5,5,5,2,2,5,2,2,1,3,3,4,1,5,3,2,3,2,5,3
"47",16,4,5,3,72,3,2,4,5,5,6,7,1,6,1,1,2,3,3,2,2,3,1,4,4,4,2,4,8
"48",12,3,5,1,71,3,2,2,3,3,3,5,3,2,3,2,2,2,3,3,3,3,5,3,2,5,5,5,5
"49",12,2,5,3,73,2,2,1,1,7,5,7,1,5,6,5,5,1,3,2,5,4,5,5,2,5,5,0,3
"50",20,3,2,1,65,2,2,1,1,5,5,5,2,2,2,1,1,1,2,1,4,1,3,2,2,4,3,5,5
"51",13,3,2,1,49,0,1,1,5,5,2,2,2,3,3,1,1,1,2,1,1,1,3,1,2,3,2,3,3
"52",18,4,5,1,70,1,1,2,3,5,3,4,1,5,6,1,1,2,1,2,3,1,5,3,1,4,4,5,8
"53",16,4,2,1,45,2,2,4,4,6,5,5,2,2,5,2,2,2,2,2,2,2,5,3,2,4,3,2,1
"54",16,3,2,1,52,4,2,2,5,6,5,6,1,1,6,1,1,2,3,1,2,1,5,3,1,3,3,1,3
"55",16,2,1,5,41,0,2,4,4,3,5,3,2,5,4,1,1,1,2,1,2,1,5,2,1,3,2,3,0
"56",12,2,5,5,65,0,2,4,2,5,4,6,2,5,6,2,2,2,3,2,4,1,4,5,2,5,3,2,4
"57",14,2,1,1,38,3,2,1,5,7,4,7,1,1,5,1,1,1,1,1,3,2,5,2,1,5,4,2,6
"58",12,2,1,5,37,0,1,2,2,4,2,7,2,1,6,5,4,1,3,3,4,4,3,5,4,5,5,7,4
"59",16,3,1,1,27,0,1,1,7,4,4,7,2,1,5,1,1,1,1,2,2,2,4,1,1,4,4,6,6
"60",16,3,1,3,58,1,2,2,2,7,4,5,1,1,3,1,1,1,1,1,4,1,5,3,3,4,4,0,10
"61",16,4,5,1,69,1,1,3,5,4,5,5,2,5,6,2,2,1,1,1,2,1,5,4,1,4,2,3,8
"62",16,1,1,4,32,2,1,4,2,7,4,3,1,1,3,1,1,2,2,1,3,1,3,2,1,3,3,4,6
"63",12,1,1,5,34,0,1,2,5,7,7,7,1,1,6,1,1,1,1,1,3,1,1,1,1,1,2,4,3
"64",12,2,8,5,34,0,1,2,6,7,2,7,1,6,6,2,2,2,2,3,2,3,3,4,4,3,2,5,7
"65",15,3,2,3,62,2,2,1,2,2,2,5,1,2,2,2,2,1,3,2,2,2,5,3,3,5,5,2,5
"66",15,3,3,1,62,3,1,1,3,5,6,7,1,1,1,1,1,3,1,1,4,2,4,3,2,5,5,0,4
"67",12,2,1,5,22,1,1,5,4,2,4,6,5,3,3,1,1,1,1,1,1,1,1,1,1,2,2,6,0
"68",13,2,6,5,19,0,1,2,2,4,2,7,1,2,2,3,1,1,1,1,3,1,1,1,1,5,3,7,2
"69",12,2,2,5,41,1,2,1,6,5,5,7,1,3,6,2,3,3,4,3,4,3,1,2,4,3,2,2,5
"70",18,1,1,1,24,0,2,4,5,6,5,7,1,2,6,1,1,1,1,1,1,1,1,1,1,1,3,3,6
"71",12,2,6,5,33,1,1,4,5,7,3,5,2,3,1,1,1,1,1,1,2,1,2,2,2,2,4,3,2
"72",15,2,2,5,21,0,2,1,1,7,2,7,1,1,2,1,2,2,1,1,2,1,2,1,2,3,2,6,4
"73",11,1,2,5,28,0,1,1,2,6,3,7,1,3,3,2,2,2,3,2,3,2,2,3,3,3,3,8,5
"74",18,3,1,1,41,0,2,2,2,4,3,3,1,1,2,1,1,1,1,1,1,4,5,1,1,5,5,5,3
"75",14,3,1,5,34,1,2,4,3,5,3,5,1,2,2,1,1,1,1,1,1,1,4,1,2,3,3,2,0
"76",12,2,4,5,35,3,2,2,2,2,2,7,1,1,5,1,1,1,2,1,1,1,5,1,1,4,2,0,5
"77",12,3,4,3,54,2,1,2,3,2,5,7,3,5,2,2,2,2,3,4,4,3,3,4,3,3,3,3,7
"78",12,3,1,1,49,2,2,4,4,5,5,5,1,1,6,1,1,2,2,1,1,1,4,1,1,4,2,8,8
"79",12,2,2,1,37,3,2,10,6,6,4,7,1,1,1,2,1,3,3,1,3,1,5,1,1,4,4,0,2
"80",14,1,2,5,28,0,1,4,3,7,2,4,2,5,3,2,2,1,2,2,1,2,3,2,2,4,1,0,0
"81",16,2,4,2,59,4,2,2,5,7,4,7,1,1,6,3,3,1,1,3,2,2,5,3,2,4,4,2,7
"82",10,2,1,5,22,0,2,2,2,7,6,7,1,4,2,1,1,3,1,1,4,1,3,3,2,2,2,0,3
"83",18,3,1,3,70,1,2,4,6,7,6,7,1,1,6,1,1,1,2,1,1,1,5,3,1,2,4,5,3
"84",10,2,8,1,39,3,2,2,2,7,2,4,2,4,5,3,3,2,3,2,4,3,2,2,3,3,3,0,0
"85",14,3,7,1,68,2,2,4,3,7,4,7,2,5,5,1,1,1,2,1,1,1,2,3,2,4,2,5,1
"86",16,3,1,1,62,2,1,1,4,5,5,6,1,1,5,1,1,2,2,1,4,1,5,3,3,4,3,3,7
"87",16,3,1,1,39,1,1,4,1,7,5,6,1,1,6,1,1,1,1,2,4,1,1,1,1,2,4,1,3
"88",16,3,6,5,22,0,2,4,2,4,2,3,2,1,2,1,1,2,2,1,1,1,4,1,1,4,2,3,5
"89",12,2,2,1,33,2,2,3,2,2,2,5,4,1,4,1,1,1,1,3,3,3,3,3,3,5,4,2,7
"90",17,3,1,5,47,0,1,4,5,2,2,3,1,1,5,1,1,2,2,2,3,1,3,2,3,4,2,5,7
"91",15,3,1,3,60,3,1,4,5,5,5,7,1,1,5,1,1,1,1,1,3,1,5,2,1,3,3,9,5
"92",16,3,1,1,54,2,2,5,3,4,2,7,1,1,1,1,2,1,2,1,3,2,5,3,2,4,3,4,5
"93",16,2,4,5,31,0,1,4,3,7,2,4,2,1,2,1,1,1,1,1,1,1,2,2,2,3,4,6,6
"94",16,3,1,1,50,3,2,1,3,4,3,4,1,1,3,1,3,3,3,1,3,3,3,3,3,2,3,7,6
"95",12,2,1,5,31,1,1,1,1,4,2,3,1,1,2,2,1,2,3,1,1,1,1,1,1,3,5,5,5
"96",15,1,1,5,27,0,2,2,4,7,7,4,1,1,6,1,1,1,2,1,4,1,1,1,3,4,3,0,2
"97",12,3,1,4,38,1,1,5,2,7,7,7,2,5,2,2,2,2,2,2,5,2,5,2,1,4,4,5,7
"98",12,2,1,3,50,1,2,1,1,2,4,4,2,2,5,1,1,1,1,1,1,1,4,2,1,4,4,0,1
"99",16,3,1,5,39,0,2,1,7,2,2,5,2,1,1,1,1,1,2,2,3,2,5,3,3,5,4,6,6
"100",12,2,2,5,27,0,2,4,1,6,2,7,3,3,3,1,1,1,1,5,2,2,2,2,2,2,2,2,5
"101",18,4,1,5,44,1,2,1,1,5,5,6,1,1,1,1,1,1,1,1,1,1,1,1,1,1,2,2,5
"102",12,2,1,1,32,2,2,2,2,2,3,3,1,1,1,1,2,1,2,1,1,1,1,1,1,1,1,10,5
"103",16,3,1,1,39,2,1,4,5,7,5,5,2,2,2,2,2,2,2,3,4,2,3,3,2,2,4,0,3
"104",16,3,1,1,38,3,2,1,5,6,2,6,1,1,5,1,1,1,1,1,1,1,5,2,2,4,4,2,3
"105",15,2,1,3,47,1,2,2,3,7,4,5,1,2,4,2,2,2,4,1,3,2,5,3,3,4,4,5,2
"106",18,3,5,1,66,2,2,4,2,5,5,7,2,5,6,1,1,1,1,3,3,1,5,3,3,2,3,7,4
"107",16,3,5,2,71,3,1,1,2,4,5,7,2,5,6,1,1,1,3,1,1,2,4,3,3,4,4,3,3
"108",14,2,2,5,19,0,1,4,4,7,2,3,2,2,6,1,2,2,2,2,3,1,3,1,2,4,3,0,1
"109",13,3,1,2,58,0,2,4,4,5,3,6,2,1,3,1,1,1,2,1,3,1,4,1,2,3,3,4,7
"110",12,2,1,2,58,3,2,2,5,5,6,6,2,1,6,2,2,1,2,1,3,3,3,2,2,5,4,2,1
"111",12,3,5,1,71,2,2,1,5,6,6,6,5,5,4,2,2,2,2,4,3,3,5,3,3,3,4,5,5
"112",16,2,1,1,60,2,1,2,5,4,6,7,1,1,6,1,1,1,1,1,5,1,5,2,3,5,5,0,5
"113",15,2,2,1,55,2,2,10,5,7,5,7,3,1,3,2,2,1,3,2,4,2,3,3,2,4,4,0,0
"114",13,3,5,2,80,0,2,1,3,3,2,2,2,4,6,4,2,2,2,2,3,2,2,3,3,1,3,4,5
"115",16,2,2,5,35,0,1,1,2,3,2,5,1,3,3,1,1,1,1,2,2,2,5,1,3,4,4,6,7
"116",17,3,1,5,52,0,2,1,4,3,4,4,1,1,3,1,1,2,2,1,3,1,3,1,1,4,3,0,6
"117",14,3,5,3,78,0,1,4,4,3,5,6,4,5,5,3,2,2,4,3,4,1,5,1,2,4,4,6,6
"118",19,3,5,1,77,1,1,2,4,5,5,7,2,4,3,1,1,2,1,1,3,2,5,3,3,4,4,2,5
"119",13,2,1,1,39,2,2,2,2,7,4,5,1,1,2,1,1,1,1,1,3,1,5,1,1,3,5,0,2
"120",16,2,1,5,45,0,1,5,6,3,3,4,2,4,5,2,2,1,1,1,5,1,3,3,2,3,5,7,8
"121",20,2,2,3,54,0,2,4,5,4,4,6,2,4,6,2,2,1,2,3,4,2,5,1,1,3,3,0,5
"122",17,3,1,5,30,0,1,4,3,3,3,5,1,1,3,1,1,1,1,1,4,1,3,1,1,3,4,7,3
"123",16,3,1,1,37,2,2,3,3,6,6,6,1,1,5,1,1,1,1,1,4,1,3,2,1,1,1,6,4
"124",16,1,1,5,26,0,1,4,3,4,4,3,3,1,4,3,2,2,2,2,2,2,2,2,2,2,3,6,5
"125",12,2,7,5,49,5,2,1,6,7,7,7,1,1,2,2,2,3,3,2,1,1,5,1,1,4,4,0,0
"126",12,3,5,1,60,3,2,2,4,4,3,5,2,5,5,3,3,3,4,3,4,3,4,4,4,4,5,3,6
"127",17,3,1,1,45,4,1,1,3,4,5,6,1,1,6,1,1,1,2,1,4,1,4,3,3,5,5,5,5
"128",9,2,1,1,43,2,1,2,2,2,6,2,3,1,6,3,3,1,3,2,3,3,5,5,4,5,5,0,2
"129",16,3,1,2,65,0,2,1,6,7,6,6,1,1,4,2,2,1,2,2,2,1,3,3,2,3,3,3,7
"130",17,4,5,1,67,2,1,1,3,5,4,5,2,6,6,2,1,1,2,2,2,1,5,1,4,5,5,4,6
"131",17,3,5,1,60,4,1,2,2,3,5,6,2,2,4,3,2,2,3,1,4,2,5,3,2,4,4,6,5
"132",16,2,1,3,66,0,2,1,4,5,4,6,1,1,6,1,1,2,3,1,5,1,5,5,3,5,5,0,5
"133",14,3,5,2,65,0,2,1,1,3,5,7,2,5,2,2,2,2,2,2,3,1,5,2,1,4,3,5,1
"134",18,2,1,1,47,5,2,4,5,7,5,5,1,1,6,1,1,2,3,2,3,1,5,2,2,3,4,3,2
"135",15,2,1,5,34,0,2,2,2,6,4,3,1,1,6,2,1,1,2,3,3,2,5,4,3,3,4,2,7
"136",12,3,1,5,66,0,2,1,1,5,4,7,1,1,5,2,2,2,4,3,4,2,5,4,2,3,5,0,7
"137",16,3,1,5,23,0,1,4,5,5,5,3,2,1,4,1,1,1,1,1,4,1,2,1,2,2,4,0,3
"138",16,1,6,5,22,0,2,4,5,1,3,2,1,2,2,1,1,2,1,2,3,2,4,1,3,2,2,2,5
"139",16,3,1,5,25,0,1,4,6,7,3,7,1,1,5,1,1,2,2,1,1,1,1,1,1,3,2,5,5
"140",17,3,1,5,45,0,1,10,4,5,5,5,2,2,3,2,2,2,2,2,5,2,3,2,2,4,4,1,6
"141",10,2,1,4,20,0,1,1,6,1,1,7,1,5,6,1,1,1,1,1,1,1,3,1,1,4,4,3,5
"142",16,3,5,2,66,2,2,4,2,3,5,4,1,6,6,1,1,2,3,2,3,1,5,2,1,4,4,2,5
"143",16,2,1,1,49,1,1,7,3,7,3,6,1,1,1,1,1,1,1,1,4,1,4,3,2,5,3,7,7
"144",14,3,1,3,34,0,1,1,2,2,3,7,2,1,3,1,1,1,3,2,4,2,5,2,2,4,4,2,5
"145",16,2,1,3,58,5,1,1,5,3,2,7,3,1,3,1,1,1,2,2,4,2,3,3,2,4,4,4,4
"146",16,3,1,5,29,0,2,3,5,7,4,7,1,1,3,1,1,1,1,1,3,2,5,2,2,3,2,1,4
"147",12,3,1,3,23,0,1,4,5,7,4,7,1,2,2,1,1,1,1,1,4,1,1,3,2,3,2,5,6
"148",17,2,6,1,38,2,2,1,3,7,4,7,2,3,4,2,2,3,2,3,3,1,4,3,2,4,4,3,7
"149",18,2,2,1,34,2,2,4,2,2,4,5,2,2,2,1,1,2,1,1,3,1,5,1,1,5,5,2,5
"150",12,1,5,3,53,2,1,1,5,3,4,3,1,6,5,1,1,1,1,1,1,1,1,1,1,2,2,0,0
"151",12,2,1,5,25,0,2,4,2,7,7,7,1,2,4,1,1,1,2,2,4,1,4,1,1,2,1,7,0
"152",17,3,1,1,66,2,1,1,1,4,2,4,1,1,6,1,1,1,1,1,1,1,5,2,1,3,3,5,5
"153",18,3,1,1,45,0,2,1,4,7,5,7,2,1,2,1,1,1,2,1,3,1,4,2,1,1,5,3,3
"154",14,3,1,3,55,2,2,4,4,7,3,7,1,1,6,1,1,1,3,1,3,1,5,3,2,3,3,5,3
"155",11,2,7,5,32,2,2,1,3,7,5,5,1,5,4,3,1,1,1,1,5,4,1,1,2,3,3,3,3
"156",16,2,5,3,74,1,1,10,5,7,2,7,2,5,2,2,2,2,3,3,5,3,5,3,3,4,4,2,8
"157",13,3,5,5,66,0,2,2,5,7,4,6,1,5,2,1,1,1,1,3,2,2,1,2,5,3,3,5,5
"158",16,3,1,1,50,1,1,1,5,7,7,7,1,1,6,3,1,3,3,1,4,1,2,2,2,3,3,3,3
"159",20,2,2,5,47,3,1,4,2,6,5,5,1,2,1,2,2,2,1,3,4,2,3,3,3,4,5,2,2
"160",16,3,1,5,41,1,2,11,5,5,4,6,1,1,6,1,1,1,1,2,1,1,5,3,2,3,2,3,7
"161",17,4,1,5,42,0,1,2,3,7,3,4,1,1,5,1,1,1,1,1,4,1,3,1,1,3,3,2,2
"162",12,3,5,1,75,4,1,4,2,4,5,5,2,5,2,3,3,2,4,3,2,2,5,3,3,4,4,3,4
"163",12,3,4,5,37,0,2,2,6,4,7,7,2,2,1,2,5,5,5,5,2,3,5,5,2,4,2,9,10
"164",16,3,1,5,24,0,1,4,5,7,2,3,1,2,6,1,1,2,2,1,3,1,1,1,1,4,3,6,3
"165",16,3,1,1,28,0,1,7,5,6,3,4,1,2,2,1,1,1,1,2,4,1,3,1,2,3,2,4,3
"166",18,3,1,1,47,1,1,10,1,7,4,5,1,1,2,1,1,1,1,1,3,1,3,2,2,4,4,7,7
"167",16,3,7,5,60,0,2,4,7,6,7,7,2,5,6,3,3,2,3,2,4,1,5,4,1,3,4,0,2
"168",19,3,1,3,43,4,1,4,2,5,3,3,1,1,3,2,1,1,2,2,4,2,2,3,2,4,5,5,6
"169",16,2,3,4,42,0,1,4,2,7,3,6,1,1,3,1,1,1,1,1,4,1,2,1,1,3,3,1,3
"170",16,2,2,5,45,1,2,2,3,6,3,5,2,1,5,1,1,1,2,1,4,1,5,1,1,5,5,1,2
"171",16,4,1,1,67,2,1,1,6,5,4,3,2,3,6,1,1,1,1,1,3,1,5,3,2,5,4,0,1
"172",12,2,1,1,41,1,1,4,1,7,3,5,2,4,5,1,2,2,3,3,3,3,4,2,3,5,5,0,2
"173",16,2,7,1,59,1,2,1,1,7,3,7,1,1,2,2,2,1,2,1,2,1,3,4,4,4,5,0,7
"174",12,2,6,5,18,0,1,2,1,2,1,7,1,1,2,1,1,2,2,1,2,1,2,2,4,5,4,6,7
"175",7,1,7,5,30,4,2,1,2,1,7,7,1,6,2,2,2,1,2,1,1,1,1,1,1,1,1,0,5
"176",9,1,4,5,58,2,2,1,1,5,6,6,3,1,6,4,4,5,5,3,5,4,5,3,3,4,5,4,3
"177",13,2,2,1,38,2,2,4,5,6,5,7,1,1,3,1,1,1,1,1,1,1,5,1,1,5,4,0,0
"178",15,3,2,1,42,3,2,2,3,3,5,7,1,1,2,2,2,1,2,2,2,2,5,2,2,4,4,0,10
"179",13,2,1,3,39,1,1,4,3,7,3,3,2,1,4,1,1,1,1,2,2,2,4,1,1,4,5,5,4
"180",13,2,1,5,49,1,2,2,6,5,3,6,2,1,6,3,3,1,2,3,2,1,1,2,1,5,1,4,0
"181",12,2,7,5,24,0,1,4,1,6,4,7,1,2,5,1,2,1,1,1,4,1,1,1,2,2,1,3,0
"182",13,2,1,1,32,0,2,4,5,7,7,4,2,1,2,1,1,1,1,1,1,1,4,1,1,3,3,5,4
"183",9,2,1,1,42,2,2,1,3,2,3,7,4,5,2,2,2,2,3,4,5,3,5,1,3,4,4,0,5
"184",10,3,5,3,68,4,2,2,6,7,7,7,3,5,6,3,2,2,3,3,2,1,2,5,1,4,2,0,1
"185",8,3,5,1,74,2,2,2,3,4,4,5,2,6,3,3,3,2,2,3,2,2,5,2,2,4,3,2,8
"186",16,4,1,1,28,1,1,1,3,6,3,7,2,2,1,2,1,1,2,1,1,1,2,1,1,3,2,7,3
"187",14,2,1,3,35,0,1,4,4,7,5,5,2,2,6,2,2,2,2,1,5,1,1,1,1,4,4,4,7
"188",10,3,5,2,78,4,2,2,4,6,5,2,2,5,2,3,3,1,4,2,4,4,2,5,2,5,2,0,0
"189",12,4,5,1,67,2,1,2,4,2,4,5,2,6,3,2,2,2,2,2,3,2,5,3,2,4,4,6,6
"190",16,4,1,5,33,0,2,4,4,3,3,4,1,1,5,1,1,1,1,1,3,1,5,1,1,4,2,3,2
"191",16,2,1,5,24,0,2,1,4,1,4,7,2,3,3,1,1,1,3,1,2,3,5,1,3,5,4,3,7
"192",14,2,2,1,60,3,1,4,4,6,5,4,2,3,5,1,2,3,3,3,4,2,3,3,3,3,5,2,6
"193",16,3,7,1,49,4,2,2,3,3,3,4,1,1,4,1,1,1,1,2,1,1,4,1,1,5,5,6,7
"194",16,3,1,4,64,1,2,2,2,4,2,4,2,2,2,1,1,1,1,1,3,1,5,3,1,5,5,5,10
"195",12,3,1,5,30,0,2,4,4,7,2,3,2,2,3,2,2,2,2,2,4,2,3,2,2,4,2,4,5
"196",16,3,4,5,27,0,1,7,6,4,3,4,1,2,2,1,1,1,1,1,1,1,4,1,1,3,4,0,5
"197",16,3,1,3,86,0,2,2,3,4,2,2,3,1,5,2,2,2,3,3,5,4,5,5,2,4,4,0,8
"198",18,3,5,1,73,2,1,2,2,7,2,4,2,5,3,2,2,2,3,4,4,2,5,3,4,5,4,3,6
"199",18,4,1,1,47,3,2,2,3,3,4,4,1,2,2,2,2,1,2,2,4,3,5,3,3,4,1,2,4
"200",12,2,1,1,55,2,1,4,3,5,5,4,2,4,4,3,3,1,3,4,2,2,5,3,2,2,3,5,2
"201",16,3,1,3,49,3,2,4,3,5,2,4,1,1,3,2,1,1,4,1,5,2,1,3,2,5,5,4,6
"202",12,2,1,1,46,2,2,4,2,7,5,7,2,5,6,2,2,1,3,2,2,2,5,2,2,4,4,0,0
"203",12,2,1,4,49,3,2,1,4,6,5,7,2,5,3,1,2,3,3,2,3,1,5,3,3,2,1,0,0
"204",16,3,1,4,36,2,2,4,4,6,6,4,1,1,2,1,2,3,2,2,1,1,3,4,1,4,5,2,5
"205",14,3,1,1,56,0,2,1,5,3,3,5,1,1,2,1,1,1,2,1,1,1,4,2,1,4,5,1,6
"206",16,3,2,1,60,3,2,1,3,6,4,5,2,3,2,2,2,1,2,1,1,1,2,2,2,4,5,5,5
"207",18,3,1,1,36,1,1,4,3,7,7,7,1,1,3,1,1,1,1,1,5,1,1,1,3,2,5,0,3
"208",18,3,1,1,53,2,2,1,3,6,2,6,1,2,3,1,1,1,2,1,1,2,3,4,3,4,4,2,6
"209",12,1,5,1,66,1,1,1,4,4,5,7,1,5,6,1,1,1,1,1,3,1,5,1,2,5,5,0,0
"210",13,2,1,5,30,0,2,4,4,7,4,3,1,2,5,1,1,2,1,2,1,1,3,3,3,4,5,2,6
"211",16,3,5,1,50,2,1,1,2,6,5,5,2,5,3,2,3,2,2,2,5,1,5,2,2,3,2,2,2
"212",14,3,2,3,66,2,2,1,2,2,2,7,2,1,5,2,2,1,2,3,4,2,5,4,3,4,4,4,7
"213",18,2,1,1,42,2,2,1,3,5,3,5,1,4,2,2,2,2,2,3,3,2,4,3,3,4,3,3,6
"214",18,3,1,1,57,1,2,1,1,5,4,6,2,2,4,1,1,1,2,2,4,3,4,3,2,4,4,2,3
"215",16,3,5,1,67,2,1,1,4,6,4,5,1,5,3,2,1,1,3,3,2,1,5,3,1,4,4,4,1
"216",20,3,3,3,40,2,2,11,5,7,5,5,2,1,5,1,2,2,2,1,2,1,3,3,1,3,3,3,3
"217",13,2,3,5,39,4,2,1,7,7,6,7,2,2,2,2,2,1,3,4,3,1,5,4,1,5,5,0,4
"218",16,2,1,3,58,1,2,1,6,4,3,7,1,1,6,1,1,1,1,1,1,2,5,4,3,4,4,0,4
"219",16,3,1,5,44,1,2,1,4,7,4,4,1,1,5,2,1,1,3,1,1,2,5,3,2,4,3,0,5
"220",17,3,4,5,41,0,1,1,3,2,4,4,1,1,6,1,1,3,2,1,3,2,5,3,2,5,5,3,0
"221",14,2,1,5,25,0,1,4,4,3,4,3,1,1,2,1,1,1,1,1,1,1,1,1,1,4,3,0,2
"222",14,2,1,5,34,2,1,4,1,2,2,5,1,1,6,1,1,1,1,1,3,1,1,1,1,5,5,0,10
"223",18,2,1,5,37,0,1,1,4,2,3,2,1,1,6,1,1,1,1,2,3,1,4,1,1,3,2,2,4
"224",13,3,1,5,25,0,2,4,3,7,3,4,1,1,2,1,1,2,3,1,3,1,3,2,3,4,4,0,4
"225",10,4,1,3,43,1,1,1,4,7,6,5,1,1,6,1,1,2,1,2,3,1,5,3,3,5,4,1,7
"226",17,2,7,1,32,2,2,2,2,7,2,7,1,5,1,2,2,2,3,3,2,1,5,2,1,4,4,2,5
"227",15,2,1,5,38,0,2,1,5,7,2,4,2,1,2,1,1,1,1,1,3,1,5,2,1,5,5,1,2
"228",14,4,4,5,37,0,2,1,7,7,7,7,1,1,6,1,1,3,2,3,2,1,5,1,3,5,2,7,7
"229",12,2,1,5,44,0,1,4,4,7,2,4,2,1,6,1,1,1,2,4,5,2,5,1,2,5,4,0,6
"230",12,3,4,5,33,4,2,1,6,7,7,7,3,3,3,1,1,1,1,1,1,1,4,1,3,3,3,5,5
"231",13,2,8,4,28,2,1,1,7,6,6,4,1,1,3,1,1,1,2,1,1,1,2,1,1,1,1,3,8
"232",15,3,1,1,57,2,2,10,4,6,4,7,2,1,1,2,1,1,2,1,3,1,5,3,2,3,3,5,7
"233",14,3,6,5,20,0,2,7,1,3,2,7,1,2,1,1,1,4,1,1,2,1,2,2,3,3,1,6,8
"234",19,2,1,3,49,3,2,1,2,3,2,4,1,1,2,1,2,1,2,1,4,2,2,1,2,3,2,1,3
"235",16,3,8,2,59,3,2,1,2,2,4,7,1,5,6,1,1,1,1,1,4,2,3,2,2,5,5,5,0
"236",14,3,1,5,24,0,1,2,1,3,5,5,2,3,6,1,1,2,2,1,1,1,1,2,1,3,2,4,6
"237",8,3,5,1,71,3,1,1,6,7,5,7,2,4,6,3,2,2,4,2,2,2,5,3,4,3,3,7,5
"238",16,3,2,5,22,0,2,2,3,5,3,3,1,2,6,1,1,1,1,1,2,1,4,1,2,4,2,6,5
"239",14,3,2,1,42,3,2,2,3,4,4,5,2,2,2,2,2,1,2,2,4,1,4,3,1,4,3,0,5
"240",16,3,7,1,47,2,2,1,3,6,4,7,1,1,3,1,1,2,2,1,2,1,5,3,2,3,3,5,6
"241",16,2,1,3,55,3,2,2,5,6,3,5,1,1,6,1,1,1,2,3,4,2,3,2,2,5,5,0,4
"242",16,3,1,5,34,0,1,1,2,7,2,5,1,1,5,1,1,1,1,1,1,1,1,1,1,4,1,6,8
"243",13,2,1,5,65,0,1,4,5,7,7,7,1,1,6,1,1,1,3,4,5,1,5,2,3,2,4,5,4
"244",16,3,1,5,29,0,1,4,3,4,2,2,1,1,2,1,1,1,1,1,3,2,2,1,2,3,4,5,6
"245",20,3,1,1,58,1,2,2,4,4,4,4,1,1,4,1,1,1,2,2,2,2,4,2,1,4,4,2,5
"246",12,1,2,5,44,1,2,9,2,7,6,7,1,5,6,1,1,2,3,1,3,3,4,3,2,4,4,0,0
"247",11,1,4,3,59,2,1,4,4,7,6,7,4,3,2,2,2,3,3,3,3,3,3,3,3,3,3,3,4
"248",12,1,7,5,31,1,2,9,1,1,4,2,1,3,1,1,2,4,3,2,5,2,2,2,3,5,5,1,0
"249",12,3,7,5,41,2,2,1,5,3,5,7,1,1,2,1,1,1,1,2,4,3,5,5,3,4,4,0,0
"250",12,1,7,5,44,2,2,2,5,7,5,5,2,2,5,3,3,2,4,2,4,3,2,2,3,5,4,0,0
"251",13,3,1,3,52,5,2,1,4,7,6,7,1,1,6,1,1,1,1,1,1,1,5,1,1,3,1,0,0
"252",12,2,1,5,31,2,1,2,1,3,4,7,2,5,1,2,2,1,3,3,4,3,1,3,2,3,4,0,0
"253",16,3,1,5,23,0,2,2,4,4,3,4,2,1,2,1,1,1,1,1,3,2,3,3,2,4,2,5,4
"254",12,3,5,2,84,1,1,2,4,4,4,6,2,1,5,3,2,2,4,5,3,3,2,5,3,4,4,5,3
"255",16,3,1,1,51,1,2,3,1,3,4,2,1,1,6,2,2,1,4,1,3,2,5,3,3,4,3,5,0
"256",12,2,1,5,47,0,1,3,3,7,5,5,1,1,6,1,1,1,1,1,1,1,5,3,1,2,4,5,0
"257",14,3,2,1,69,3,1,2,3,3,3,4,1,1,6,2,2,2,3,2,4,1,2,3,1,5,5,2,7
"258",16,2,1,5,30,0,2,10,3,6,5,5,4,3,4,3,3,3,3,3,3,3,4,3,3,3,3,6,5
"259",12,3,5,1,60,2,2,2,5,5,3,2,2,6,6,1,1,3,2,3,2,1,5,3,2,5,4,5,6
"260",17,4,1,3,45,2,2,4,1,5,3,5,1,1,2,1,1,1,1,1,4,2,5,1,2,4,3,7,7
"261",18,3,5,1,67,1,2,1,2,5,5,2,2,3,5,1,1,2,3,2,4,1,2,3,2,4,3,2,5
"262",18,2,1,1,61,6,1,1,4,5,5,7,1,1,6,1,1,1,2,1,1,1,5,1,1,4,5,3,4
"263",12,2,5,3,59,7,2,1,1,2,7,7,1,5,6,3,3,1,5,1,5,2,2,3,5,4,4,0,0
"264",12,2,7,5,22,0,2,4,2,3,3,4,2,3,2,1,1,1,2,2,3,1,1,1,2,4,3,2,4
"265",9,3,5,1,76,2,1,1,7,7,7,7,2,5,6,2,2,2,2,2,2,2,1,5,2,2,4,0,0
"266",13,2,1,1,28,0,2,4,7,7,5,5,1,3,2,1,1,1,1,3,5,1,1,3,1,3,1,2,0
"267",15,2,4,5,28,2,2,4,3,6,4,4,1,2,3,1,1,1,2,2,2,2,4,2,2,4,5,3,5
"268",17,2,7,5,42,4,2,1,1,4,4,7,2,3,6,1,1,1,1,2,4,2,5,4,1,5,4,0,5
"269",14,2,1,4,60,2,2,1,6,7,6,7,1,1,4,1,1,1,1,1,1,1,3,2,1,3,1,5,5
"270",12,2,2,1,45,2,1,1,6,7,7,6,5,3,4,2,2,1,2,3,4,3,4,3,3,5,5,4,5
"271",14,3,1,5,39,6,1,9,1,4,1,4,1,1,1,2,2,2,4,2,4,3,2,2,2,4,4,0,0
"272",17,2,1,1,32,0,2,6,2,5,5,6,1,1,2,2,2,2,3,2,3,2,4,3,2,4,3,2,2
"273",13,3,7,1,36,2,2,9,1,7,2,7,6,6,2,2,2,2,2,1,5,3,3,3,3,4,4,0,0
"274",20,2,2,1,54,4,2,2,2,2,2,6,1,1,6,3,1,1,1,1,3,1,5,3,3,4,5,1,7
"275",12,2,7,1,46,3,2,2,4,5,6,7,2,5,2,3,3,3,3,2,2,2,5,3,2,3,4,5,5
"276",6,2,5,2,70,3,2,1,4,6,3,7,6,6,6,5,4,4,5,2,3,4,5,4,5,5,5,0,6
"277",18,3,1,5,27,0,1,2,2,2,3,7,1,1,1,1,1,1,1,1,1,1,2,1,1,4,2,5,4
"278",16,3,1,1,55,2,2,1,1,3,4,7,1,1,2,1,1,1,1,1,1,1,5,1,2,4,4,0,1
"279",12,3,2,1,69,2,2,1,4,5,4,5,1,1,6,2,2,2,2,1,5,1,3,3,2,4,4,4,7
"280",16,4,5,1,83,2,1,2,5,4,4,7,1,5,6,2,2,2,2,3,4,2,3,2,2,5,4,1,8
"281",17,4,7,1,49,2,2,4,5,5,5,5,1,1,6,1,1,1,2,1,1,1,5,3,1,5,2,4,6
"282",14,3,1,1,24,2,1,4,2,7,3,3,1,2,3,1,1,1,1,1,4,1,1,1,1,5,4,0,0
"283",17,3,5,1,74,1,1,2,5,7,5,6,3,5,3,1,1,2,1,3,4,1,5,5,2,4,3,0,0
"284",12,2,1,5,61,0,2,1,3,5,4,6,2,3,2,1,1,1,3,3,3,2,3,2,2,5,5,3,4
"285",12,2,2,1,44,2,1,2,5,5,6,7,1,2,2,3,2,1,3,1,4,3,4,3,2,5,2,0,5
"286",18,2,1,5,26,0,2,1,1,1,5,5,1,1,6,1,1,1,1,1,3,1,2,1,1,5,5,3,5
"287",16,3,3,5,28,0,1,1,4,2,3,5,1,1,1,1,1,1,2,1,1,1,3,2,1,4,4,0,0
"288",15,2,4,5,26,0,2,1,4,7,2,3,2,1,6,1,1,1,1,1,1,1,1,1,1,3,3,7,7
"289",16,2,2,5,63,0,1,4,5,5,6,7,5,5,6,3,2,2,3,5,4,4,5,4,5,5,3,8,7
"290",12,2,1,5,36,2,2,1,3,4,4,6,2,2,6,1,1,1,1,1,1,1,1,1,1,4,3,2,5
"291",13,2,1,1,33,3,1,4,5,7,2,6,1,1,6,1,1,1,1,2,4,2,2,4,3,3,4,1,3
"292",13,3,5,1,77,4,2,1,4,5,5,7,3,5,4,2,2,3,3,2,2,2,4,3,3,3,5,5,0
"293",13,2,7,5,30,4,2,2,3,6,4,4,1,1,3,3,3,3,3,3,3,3,3,2,4,3,4,5,6
"294",17,3,5,3,75,0,1,1,6,2,7,7,2,5,1,3,1,1,4,5,3,1,3,5,3,3,3,0,3
"295",13,2,1,5,35,2,1,1,5,7,4,5,1,1,6,1,1,1,1,1,1,1,3,2,2,5,5,3,3
"296",17,3,1,1,69,1,1,10,5,7,6,7,2,2,6,1,1,1,2,2,4,1,5,2,1,4,3,3,5
"297",20,3,1,1,36,4,2,1,5,7,5,7,1,2,5,1,1,1,1,1,4,1,5,4,1,5,5,5,5
"298",18,3,1,5,42,0,2,1,4,6,3,6,2,1,4,1,1,2,2,2,3,1,2,1,2,4,3,3,5
"299",15,3,7,1,38,2,2,1,1,2,3,5,2,2,2,1,1,1,1,1,3,1,5,3,2,5,5,5,7
"300",15,2,2,5,26,0,1,2,3,3,3,3,2,3,3,3,3,3,3,3,3,3,3,3,3,3,3,5,4
"301",14,2,2,5,20,0,2,11,3,7,3,7,1,1,3,3,3,3,3,3,4,1,4,3,3,3,3,10,5
"302",18,4,1,1,65,3,2,2,3,3,4,4,1,1,4,2,2,2,3,1,2,1,2,2,2,5,4,6,9
"303",14,2,1,5,29,0,1,1,2,7,5,7,2,2,6,1,1,1,2,2,2,2,1,1,2,1,1,5,6
"304",14,3,1,1,39,0,1,4,4,6,3,4,1,2,6,3,2,2,1,2,4,1,3,3,2,3,4,4,5
"305",20,3,5,2,70,1,2,4,5,6,6,7,2,5,4,1,1,1,2,3,4,1,5,1,1,3,3,2,6
"306",18,3,1,1,77,0,2,1,5,6,5,7,1,1,5,1,1,2,2,1,1,1,3,3,1,2,3,1,1
"307",20,3,5,1,69,2,1,3,3,5,5,7,2,5,4,2,2,2,2,2,3,2,5,3,3,4,5,10,5
"308",16,3,5,1,66,2,1,3,2,5,4,5,1,1,6,1,1,1,2,1,4,1,3,3,2,4,3,2,7
"309",13,2,1,5,40,5,2,4,5,7,4,6,1,1,2,1,1,1,1,1,1,1,3,1,1,3,3,0,0
"310",14,2,2,5,20,0,2,10,3,2,1,4,1,1,6,1,1,1,2,1,1,1,5,1,2,2,5,0,0
"311",15,3,6,5,20,0,1,1,2,1,3,5,2,2,2,2,2,2,2,1,4,2,3,1,3,3,4,5,5
"312",14,3,6,5,19,0,2,4,2,4,2,2,2,2,6,2,2,2,2,2,3,1,3,2,4,3,2,5,2
"313",14,3,5,1,76,2,2,3,2,2,2,7,1,5,3,2,2,3,4,2,5,5,5,5,3,5,5,0,5
"314",14,3,6,5,19,0,1,2,3,7,2,7,2,1,4,1,1,1,1,1,3,1,1,1,3,4,4,3,0
"315",16,3,2,1,37,4,2,1,5,4,2,7,1,1,5,1,1,1,1,1,2,1,5,2,2,4,5,6,6
"316",20,3,1,1,50,0,2,2,3,6,3,5,2,3,2,1,1,1,1,2,3,2,5,2,2,5,4,1,4
"317",20,3,1,5,41,0,1,4,4,3,2,2,2,1,2,1,1,1,1,1,1,1,5,2,1,1,1,0,2
"318",18,3,3,1,55,2,1,2,5,7,5,6,1,2,5,2,2,2,2,3,3,2,3,1,1,1,2,2,5
"319",13,3,1,1,37,0,2,11,4,7,6,7,1,1,2,2,1,3,3,2,5,1,5,2,2,4,4,0,2
"320",17,1,4,3,36,1,2,4,7,7,7,7,1,1,2,5,3,3,2,1,1,1,1,1,3,4,4,0,10
"321",18,3,5,3,70,2,2,1,3,4,5,4,1,5,3,1,1,1,3,3,3,2,5,2,3,5,4,2,8
"322",16,3,2,5,40,1,2,1,5,7,3,3,2,2,3,1,1,1,2,1,5,1,5,5,2,4,4,0,5
"323",12,2,1,5,39,0,1,4,6,6,6,4,4,3,6,2,2,2,2,1,2,2,5,3,3,4,4,0,0
"324",16,3,1,1,31,0,1,7,5,6,6,5,2,3,3,1,1,2,1,1,2,2,2,2,1,4,1,7,4
"325",16,3,1,5,36,0,2,1,2,4,3,7,1,1,2,1,1,1,1,1,1,2,2,1,2,4,4,1,0
"326",12,2,1,4,36,0,1,4,2,2,7,7,3,5,6,5,4,3,5,1,3,5,5,5,5,3,5,0,0
"327",20,3,1,1,33,0,2,4,2,6,3,3,1,2,2,1,1,1,2,1,1,1,1,1,1,3,3,1,5
"328",18,3,1,5,43,0,2,4,5,6,4,4,2,2,4,1,1,1,1,1,3,1,3,3,2,5,5,5,5
"329",16,3,2,5,22,0,2,4,2,7,4,2,2,3,3,1,1,1,2,1,1,1,5,1,2,4,4,2,4
"330",18,3,1,5,46,0,1,2,5,7,5,7,1,1,6,1,1,1,2,4,4,1,5,1,1,2,2,1,1
"331",15,3,1,5,33,0,1,2,1,1,1,3,1,1,6,1,1,1,1,1,2,1,1,1,1,3,3,6,5
"332",9,1,4,1,48,4,2,4,1,1,3,6,2,5,6,2,2,2,2,4,4,3,3,2,5,5,5,4,5
"333",14,3,1,1,43,2,1,4,3,7,3,4,1,1,5,1,1,2,2,2,2,1,5,1,1,3,3,6,5
"334",16,2,6,5,26,0,1,9,2,4,3,7,1,1,4,2,2,2,2,1,4,2,4,4,3,4,5,1,3
"335",16,2,6,5,22,0,2,5,4,5,5,6,2,1,3,2,2,2,3,2,2,1,4,2,3,4,3,5,1
"336",20,3,1,1,41,1,2,1,2,7,3,4,1,1,6,1,1,1,2,3,3,1,3,2,2,1,2,2,5
"337",17,2,1,1,28,0,2,1,2,2,3,3,1,1,3,1,1,1,2,1,1,1,3,2,1,4,2,1,7
"338",18,3,1,1,37,1,2,4,3,7,5,4,2,1,2,1,1,1,2,3,3,3,5,1,1,3,4,5,8
"339",12,2,1,3,46,3,2,1,2,7,4,6,1,1,5,2,2,2,2,2,4,2,4,3,2,3,2,4,3
"340",11,2,8,2,58,5,2,1,1,5,7,7,6,2,2,2,2,4,4,3,4,1,4,4,5,4,4,0,0
"341",15,1,7,4,67,7,2,1,6,3,4,6,2,1,2,1,1,1,2,2,3,1,5,1,1,3,4,5,5
"342",12,4,6,5,26,3,2,4,4,5,4,5,1,2,3,2,1,2,2,2,3,2,4,2,2,5,5,0,2
"343",13,2,5,2,76,1,2,1,6,4,4,3,1,5,6,2,2,2,5,1,4,3,5,3,1,3,2,0,8
"344",18,2,6,5,22,0,2,4,3,7,3,3,1,2,4,2,2,3,4,2,3,2,2,1,3,3,3,3,4
"345",14,3,2,5,19,0,2,4,5,1,1,6,1,1,5,1,1,1,1,1,1,1,4,1,2,4,2,4,5
"346",19,2,1,5,36,0,1,1,5,5,5,6,2,3,4,1,1,1,1,1,4,2,3,3,2,4,2,3,5
"347",13,1,8,3,33,3,2,3,3,1,2,5,1,1,1,1,1,3,4,1,2,1,1,1,3,5,5,4,0
"348",16,3,1,5,33,0,1,4,5,4,4,5,1,1,6,1,1,1,1,2,2,2,1,4,1,3,1,4,5
"349",14,3,5,1,73,1,2,1,5,7,2,7,2,5,2,2,3,2,3,1,3,2,1,2,2,3,3,5,4
"350",12,3,1,3,54,0,1,4,1,2,3,2,2,2,6,1,1,1,1,1,1,1,4,3,2,3,3,0,0
"351",16,3,5,1,37,2,1,4,7,1,7,7,1,1,2,1,1,1,2,1,1,1,1,1,3,5,5,0,8
"352",9,1,4,5,36,4,2,12,2,3,3,7,1,1,3,1,1,3,3,1,2,1,3,1,1,3,2,1,0
"353",14,3,1,1,58,2,1,1,3,6,4,4,1,1,5,1,1,1,1,2,3,1,3,1,1,5,4,4,8
"354",12,2,5,3,88,3,2,1,5,7,6,7,4,3,2,3,3,3,4,3,4,4,5,5,3,5,4,5,5
"355",12,1,2,3,43,7,2,6,4,6,5,6,2,3,2,3,3,3,3,3,2,2,4,3,2,3,3,0,3
"356",13,2,2,3,62,4,2,1,1,5,5,6,2,5,4,3,3,5,5,5,5,2,2,2,4,5,5,3,8
"357",16,3,1,1,49,2,2,3,5,5,4,2,2,3,4,1,1,1,2,2,2,1,5,2,2,3,4,3,3
"358",17,3,1,5,27,0,1,1,5,7,5,7,1,1,6,1,1,1,1,2,4,1,1,1,1,3,3,3,4
"359",14,3,3,5,18,0,2,4,1,4,2,7,1,2,2,2,2,2,2,1,1,2,4,1,3,4,4,3,4
"360",14,1,2,5,42,1,2,1,1,7,6,7,1,1,6,1,1,3,1,1,1,1,5,1,3,5,2,0,8
"361",20,2,1,3,49,1,1,1,1,2,3,7,6,2,3,1,1,2,2,4,4,2,5,3,2,3,5,4,3
"362",17,3,1,1,30,0,2,1,2,7,3,5,1,1,6,1,1,2,2,1,1,1,5,1,1,2,4,0,2
"363",15,3,1,1,48,0,2,2,3,5,5,7,1,1,5,1,1,1,1,1,1,1,3,1,1,3,5,4,4
"364",16,3,1,3,46,2,1,4,7,7,7,7,1,1,2,1,1,1,1,3,3,3,1,2,2,1,2,2,4
"365",12,2,4,3,59,0,2,4,2,3,4,3,3,5,6,2,2,2,2,3,4,2,4,4,2,4,4,5,5
"366",13,2,8,3,61,1,1,4,5,7,7,7,2,5,3,1,1,1,3,2,4,3,3,3,2,3,4,2,3
"367",16,2,1,3,46,3,2,2,4,3,7,7,1,1,6,1,1,1,4,4,5,2,3,2,2,4,4,0,8
"368",16,3,7,1,31,2,2,1,2,6,4,7,2,5,2,2,2,2,3,1,3,2,5,1,3,5,4,4,7
"369",14,2,1,5,36,0,1,2,5,7,5,6,1,1,3,1,1,2,2,3,4,2,2,1,1,3,4,5,4
"370",16,3,1,1,42,2,2,2,2,6,5,5,1,1,4,1,1,1,1,1,1,1,3,1,1,3,4,6,6
"371",16,2,7,1,38,2,2,2,4,5,5,6,1,5,4,1,1,4,2,1,2,2,5,4,2,4,2,2,6
"372",15,3,1,4,48,1,2,4,5,4,3,3,1,2,3,1,2,2,2,1,4,1,4,2,1,4,3,4,7
"373",14,2,1,5,32,2,2,1,3,6,4,5,1,2,3,1,1,1,1,1,1,1,3,2,1,3,4,3,3
"374",16,3,1,5,33,0,1,2,2,2,3,3,1,1,2,1,1,1,1,1,5,1,1,1,3,5,5,2,0
"375",14,2,2,5,59,0,2,1,7,7,7,7,2,5,6,1,1,1,1,1,3,1,1,4,2,4,4,3,2
"376",14,3,1,1,36,3,1,1,3,7,5,7,1,3,4,1,1,1,1,1,4,1,4,2,1,5,5,2,3
"377",18,3,5,1,73,4,1,1,4,7,5,7,2,5,4,2,2,2,3,1,4,2,4,4,3,4,4,2,3
"378",20,2,1,1,47,0,1,1,4,7,5,5,1,4,3,1,1,1,2,1,4,3,5,3,1,3,3,4,3
"379",20,3,1,1,61,0,2,3,6,4,4,7,1,1,5,1,1,2,2,1,5,1,5,3,1,4,4,2,8
"380",12,1,7,5,30,2,1,4,5,7,7,7,2,2,6,1,1,1,1,4,5,3,2,1,2,5,5,0,0
"381",14,2,1,5,31,0,2,6,3,7,3,7,1,1,6,1,1,1,1,1,1,1,4,2,1,4,4,3,4
"382",14,1,8,5,34,0,2,1,5,4,6,7,1,5,3,1,1,2,3,1,3,3,5,1,1,3,3,5,0
"383",15,1,5,3,63,1,2,1,3,3,5,6,2,5,5,1,1,1,2,2,3,1,5,2,2,4,3,1,5
"384",14,1,7,4,46,8,2,1,2,6,4,7,1,5,2,1,1,1,3,1,3,1,5,3,1,5,5,0,0
"385",13,3,1,5,32,0,2,2,3,3,3,3,1,1,1,1,2,1,2,2,2,2,5,1,1,4,4,5,5
"386",16,3,1,3,58,1,2,1,3,3,3,4,1,1,2,2,2,2,3,1,3,2,4,4,3,5,5,5,4
"387",18,4,2,5,24,0,2,1,6,7,1,3,1,1,5,1,1,1,2,1,1,2,5,3,2,3,4,0,0
"388",16,3,2,1,59,2,2,4,5,7,5,7,1,1,2,1,1,1,1,1,1,1,5,5,1,5,4,0,7
"389",18,3,1,3,36,0,2,4,2,7,4,4,1,1,5,1,1,1,1,1,4,1,4,2,1,2,2,4,3
"390",17,3,5,2,71,5,2,1,1,6,4,7,2,5,1,1,1,1,2,2,3,1,1,2,1,5,5,0,0
"391",15,2,1,1,53,2,1,1,3,4,4,7,2,1,6,1,1,1,1,1,4,1,5,1,1,5,5,0,5
"392",14,2,1,1,36,1,2,2,5,5,3,7,2,4,2,2,2,3,3,2,2,2,5,2,3,2,5,6,8
"393",13,2,1,1,46,1,2,4,3,5,3,5,2,4,6,1,1,1,2,2,2,2,5,2,2,4,4,5,5
"394",14,2,7,1,19,0,2,2,3,7,3,3,1,2,2,2,3,3,3,3,3,4,4,3,3,5,4,5,4
"395",12,2,1,1,64,0,1,4,2,4,4,4,2,5,6,3,1,2,2,4,4,1,5,4,2,5,3,0,10
"396",16,3,1,1,38,2,2,2,3,5,4,5,2,2,6,2,2,2,2,2,4,2,5,2,2,4,5,3,5
"397",20,3,1,1,41,2,1,1,4,3,4,4,1,1,3,1,1,1,1,1,4,1,3,2,1,2,3,5,6
"398",18,3,1,1,42,2,1,2,3,7,3,5,1,4,6,1,1,1,1,1,4,1,5,2,1,5,3,9,10
"399",17,3,1,1,39,0,1,2,3,4,2,1,1,1,6,1,1,1,1,1,1,1,3,1,1,4,3,5,7
"400",18,2,1,3,60,4,2,1,3,1,1,1,2,3,5,1,1,1,2,1,2,1,4,2,1,5,5,5,5
"401",19,2,1,1,53,2,1,1,4,6,3,7,1,2,6,2,2,3,2,2,4,2,5,4,2,2,3,0,5
"402",16,4,1,1,65,2,1,1,3,4,2,3,2,2,6,1,1,2,2,2,3,2,4,2,2,4,4,5,7
"403",16,2,1,5,24,0,1,4,3,5,3,5,1,1,2,1,1,1,1,1,4,1,3,1,2,3,3,4,5
"404",18,3,1,1,42,2,2,1,4,5,5,6,1,1,2,1,1,1,1,1,5,2,5,3,2,1,3,3,6
"405",16,3,1,1,36,3,1,1,4,4,4,4,1,1,3,1,1,2,2,1,2,1,3,1,2,5,4,5,6
"406",12,3,1,1,51,1,1,5,6,6,4,5,1,1,5,2,1,1,2,2,3,2,4,3,3,5,4,2,4
"407",15,3,1,3,53,2,1,1,3,6,4,6,1,1,5,1,1,1,1,3,3,2,4,1,1,2,2,3,4
"408",15,3,1,1,51,2,1,4,3,2,6,6,2,3,6,1,1,1,2,2,5,1,4,1,2,4,4,5,7
"409",16,3,1,1,38,2,2,1,3,5,4,4,1,1,2,1,1,1,1,1,1,1,5,3,1,4,2,2,5
"410",16,3,2,1,41,2,2,2,4,4,4,7,2,1,4,1,1,2,2,2,4,1,5,3,1,5,4,7,3
"411",11,2,4,5,21,0,1,2,1,7,1,7,3,4,4,2,3,2,3,3,2,4,4,3,3,3,3,5,5
"412",18,3,3,5,35,0,2,4,5,7,2,4,2,1,4,2,2,2,2,1,4,2,4,3,2,3,4,5,3
"413",16,1,1,5,55,0,2,2,2,6,3,3,1,1,5,1,1,1,1,1,4,1,2,1,1,5,5,2,1
"414",10,2,1,5,39,0,1,4,5,3,2,3,1,1,6,3,3,3,4,1,3,1,5,1,1,5,5,5,5
"415",16,2,1,5,33,0,2,1,2,6,4,3,1,1,6,1,1,1,2,3,2,2,5,2,2,3,2,4,6
"416",17,3,1,1,58,6,1,2,6,5,5,5,2,2,4,1,1,1,1,1,3,1,5,3,1,4,4,2,2
"417",12,3,5,1,69,2,2,1,4,7,3,6,2,5,6,2,2,2,4,2,4,1,2,4,3,5,5,5,4
"418",20,3,5,1,76,2,1,1,5,7,7,6,2,6,3,2,2,2,3,3,5,2,5,4,4,3,4,2,0
"419",12,2,5,1,64,3,2,1,3,7,2,3,1,5,6,2,1,1,2,4,2,1,5,2,3,4,2,0,8
"420",14,3,5,1,68,2,2,1,4,7,6,7,1,5,6,1,1,1,5,2,3,1,5,5,2,5,3,0,2
"421",13,2,2,2,85,4,1,1,4,4,6,4,4,5,6,3,2,4,4,3,4,4,5,1,5,3,2,6,4
"422",20,2,2,1,40,3,1,1,5,5,5,5,2,4,5,2,2,2,2,2,3,2,3,1,3,4,4,2,4
"423",16,3,1,1,31,1,2,1,4,2,5,5,2,1,4,1,2,1,2,2,3,2,5,3,2,5,4,1,2
"424",17,3,1,1,33,2,1,2,3,7,3,3,1,1,3,1,1,2,1,1,3,1,4,2,2,4,4,0,7
"425",16,3,1,3,55,2,2,4,2,6,4,3,1,1,4,2,2,1,2,1,4,1,4,2,2,5,5,5,6
"426",19,3,7,1,44,2,2,2,5,4,4,4,2,4,6,1,1,2,3,2,3,2,3,2,2,4,2,3,8
"427",16,2,1,1,51,2,2,1,5,7,5,6,1,1,5,1,2,2,3,1,4,1,5,3,1,5,5,0,5
"428",18,2,1,1,42,2,1,1,2,4,4,6,1,1,4,1,1,1,2,2,3,2,4,1,1,4,4,3,5
"429",16,3,2,4,51,5,2,1,3,3,2,4,1,4,3,1,1,1,3,1,1,1,5,3,1,4,4,0,4
"430",16,3,1,1,33,2,1,1,1,3,5,4,1,1,2,2,1,4,1,1,4,1,5,2,1,4,5,6,8
"431",14,3,1,1,45,3,2,4,6,7,5,6,2,3,6,1,1,1,2,2,3,1,3,1,2,3,3,2,3
"432",19,3,2,1,39,1,2,1,2,6,2,3,1,3,4,1,1,1,2,1,1,1,4,3,3,3,3,5,5
"433",16,3,1,5,31,0,2,3,4,3,4,3,1,1,4,1,1,1,1,1,1,1,3,1,1,3,2,3,2
"434",17,3,1,5,28,0,2,2,5,2,5,2,1,1,6,1,1,1,1,1,3,1,1,1,1,5,5,0,4
"435",16,2,1,5,26,0,1,2,4,3,2,2,1,1,5,1,1,2,2,1,2,1,4,3,3,5,4,5,5
"436",17,2,1,5,39,0,1,4,5,5,5,5,1,1,6,1,1,1,1,1,4,1,1,1,1,5,5,0,7
"437",18,4,1,1,48,0,2,4,7,3,3,3,1,1,6,1,1,1,4,1,4,1,3,1,1,3,2,2,3
"438",19,3,5,1,67,0,2,4,7,5,5,5,2,5,2,1,1,2,2,2,3,2,5,4,3,3,4,2,5
"439",12,2,1,3,45,2,1,2,7,4,5,6,2,4,6,2,2,3,2,1,1,1,3,1,3,5,1,0,0
"440",16,4,3,1,33,2,2,4,3,5,3,3,1,1,4,2,1,1,2,1,3,1,5,2,2,1,3,6,5
"441",17,2,1,3,36,0,1,4,5,7,5,5,2,2,3,2,1,1,2,2,3,1,3,3,2,3,2,5,6
"442",16,3,2,1,64,2,2,4,5,5,3,4,1,2,2,1,2,1,3,3,3,1,5,3,2,5,3,1,8
"443",14,2,1,5,21,0,1,4,2,5,2,4,1,1,2,1,1,1,1,1,4,1,1,1,1,3,3,8,6
"444",20,3,1,1,44,4,1,1,2,5,3,5,2,1,3,2,2,2,2,2,4,2,4,2,2,4,4,2,7
"445",16,3,1,5,33,0,2,4,5,6,3,4,1,1,3,1,1,1,2,1,3,1,5,2,1,3,2,0,4
"446",15,3,1,1,39,2,1,4,5,5,5,7,2,2,2,1,1,1,1,1,5,1,2,1,1,3,2,3,6
"447",16,4,7,1,35,0,2,3,2,3,3,4,1,1,6,2,2,1,2,1,4,1,2,1,1,4,4,4,7
"448",12,2,5,3,50,2,2,6,7,4,2,7,1,5,1,2,2,2,4,3,2,1,5,1,2,5,5,0,0
"449",16,2,1,1,60,0,1,1,4,6,6,5,2,1,6,1,1,2,1,3,2,2,2,3,2,4,4,5,5
"450",19,3,1,1,44,0,1,2,4,3,3,3,1,1,6,1,1,1,1,1,4,1,4,1,1,4,4,4,2
"451",12,3,5,1,79,1,1,4,7,5,5,7,3,5,1,1,2,1,4,1,4,1,5,5,2,4,2,5,5
"452",14,3,1,1,45,8,1,1,2,5,5,7,4,2,2,2,2,1,2,3,1,2,1,3,2,3,4,1,5
"453",20,2,1,5,39,0,2,4,5,7,2,2,1,3,3,1,1,1,2,1,1,1,4,3,2,3,3,5,5
"454",12,3,1,5,46,3,2,4,5,4,5,6,2,3,5,2,2,1,1,1,2,1,3,1,1,5,2,3,7
"455",18,3,1,3,37,0,2,4,5,5,3,4,3,1,1,1,1,1,1,1,2,1,4,1,3,3,3,4,3
"456",12,3,1,3,80,1,2,1,1,6,5,7,2,1,6,2,2,2,4,2,5,2,5,5,3,4,2,8,3
"457",17,3,1,1,42,2,1,4,4,5,4,5,1,2,5,1,1,2,1,3,3,2,5,2,2,2,2,5,6
"458",16,3,5,1,76,0,2,1,5,6,4,6,3,6,6,2,2,1,2,2,3,3,5,5,3,5,3,1,8
"459",12,2,1,5,27,0,1,4,4,3,5,5,2,2,3,1,1,1,2,2,2,1,2,2,2,3,5,3,3
"460",14,3,4,4,41,2,1,4,4,6,2,6,1,1,2,1,1,1,2,1,3,1,1,1,1,3,2,1,7
"461",13,2,1,1,55,2,1,1,6,6,6,6,2,1,1,2,2,1,5,1,5,1,5,4,2,5,5,2,8
"462",14,2,2,1,36,3,2,11,3,3,3,4,2,4,2,2,2,2,2,3,2,2,3,2,1,3,2,5,5
"463",16,3,2,1,70,1,1,1,2,4,5,4,2,5,6,5,2,1,5,5,5,3,5,5,5,4,4,0,6
"464",19,3,1,1,52,2,2,1,5,4,3,3,2,1,5,2,2,2,2,2,2,1,5,4,2,4,3,3,7
"465",16,3,1,1,32,1,1,4,3,7,5,4,2,5,4,1,1,1,1,1,4,1,2,1,2,4,4,2,8
"466",12,3,1,5,24,0,1,4,5,7,3,4,1,1,6,1,1,1,1,1,1,1,4,1,1,3,4,0,3
"467",16,3,1,5,30,0,1,2,5,6,5,2,1,1,5,1,2,2,2,2,4,2,4,2,2,2,4,5,5
"468",12,3,5,2,89,2,2,2,2,7,7,7,1,5,6,3,4,2,3,4,4,4,3,5,5,5,2,0,10
"469",14,3,1,2,58,2,2,4,2,4,5,5,2,2,2,1,1,1,1,3,4,1,5,3,1,4,5,0,3
"470",13,4,1,1,60,3,1,1,2,4,4,3,1,1,6,2,2,1,2,1,3,1,5,1,1,4,3,5,5
"471",16,2,1,1,55,2,2,2,4,7,4,5,2,2,3,1,1,1,2,1,1,1,5,3,2,4,4,2,7
"472",15,1,5,3,38,0,1,6,3,7,2,5,3,6,4,2,3,2,4,3,3,3,3,2,3,2,2,3,5
"473",8,1,7,1,39,5,2,2,2,1,4,7,1,1,6,1,1,1,1,1,1,1,3,1,1,3,3,2,1
"474",5,3,1,1,48,2,1,1,1,1,1,4,4,6,1,1,2,1,2,3,5,5,5,3,5,1,4,0,8
"475",18,2,1,1,37,0,1,4,6,7,7,7,1,1,6,1,1,1,1,1,4,1,4,2,1,3,3,4,4
"476",12,2,1,5,24,0,1,4,3,7,3,7,1,1,3,1,1,1,1,1,3,1,3,1,1,3,5,0,7
"477",18,3,1,3,35,1,1,1,5,6,4,5,1,1,6,1,1,1,1,1,2,1,2,1,1,3,4,5,5
"478",13,2,2,3,69,2,2,1,2,6,4,7,2,2,4,1,1,1,2,2,4,2,4,3,1,4,4,3,5
"479",13,2,1,5,48,6,2,1,4,7,5,5,1,1,2,2,2,2,3,1,1,1,3,1,1,2,2,4,1
"480",12,2,1,5,44,2,2,1,7,7,7,7,2,2,3,1,1,1,2,2,3,2,5,2,3,5,5,0,0
"481",10,1,5,5,89,3,2,1,3,7,3,7,2,5,6,1,2,4,5,5,5,3,1,5,1,5,2,0,3
"482",14,2,1,1,64,0,2,1,4,5,6,7,1,1,1,1,1,1,1,2,2,2,4,3,2,3,3,0,0
"483",12,2,2,1,32,5,2,4,2,7,4,5,1,4,6,1,1,1,2,1,1,1,4,1,1,4,5,0,0
"484",15,3,1,5,57,0,1,1,4,4,5,6,1,2,6,1,1,1,2,1,1,1,3,1,1,3,3,4,5
"485",16,3,1,4,48,0,1,1,3,2,4,3,1,1,3,1,1,2,2,1,4,2,3,2,2,4,5,3,6
"486",12,2,1,1,25,0,1,1,3,7,3,7,2,5,5,2,1,2,1,4,5,1,5,5,2,5,5,0,2
"487",12,3,1,1,50,2,1,4,3,6,1,5,2,1,2,3,3,3,4,4,4,2,5,5,5,5,5,4,0
"488",12,3,8,5,20,0,1,1,1,2,1,7,2,1,2,2,1,4,2,1,3,2,4,2,3,4,4,2,7
"489",11,2,2,5,21,0,1,2,6,7,6,7,2,2,6,2,2,3,3,1,4,1,1,1,1,3,4,7,0
"490",12,3,5,1,85,3,1,1,2,7,2,4,1,5,3,2,3,3,3,3,4,2,1,3,5,4,5,0,5
"491",16,2,5,3,68,2,2,2,3,7,6,7,4,5,2,3,3,2,4,1,3,3,3,4,2,5,4,5,0
"492",12,3,1,2,69,3,2,1,3,7,4,7,2,1,1,1,1,2,3,1,4,1,3,1,1,4,4,0,0
"493",16,3,7,1,33,2,2,1,2,4,3,7,3,5,3,1,1,1,2,1,5,2,5,2,2,5,5,5,8
"494",16,4,5,1,69,0,2,1,5,6,5,5,2,1,2,2,1,1,2,1,3,1,5,5,2,4,3,5,5
"495",16,3,2,1,67,5,2,1,3,4,4,7,2,2,3,2,2,3,4,1,3,2,5,4,2,5,3,4,8
"496",14,1,4,5,39,0,1,4,4,5,3,3,2,3,2,1,1,2,2,1,4,1,5,3,2,4,5,5,8
"497",17,3,1,1,60,0,1,4,3,7,6,6,1,1,6,3,2,3,3,1,4,1,5,1,1,5,5,0,5
"498",10,2,1,1,43,1,1,1,3,7,5,7,1,1,5,1,1,1,1,1,5,1,3,2,3,3,5,2,3
"499",12,3,7,1,45,6,2,1,6,7,4,7,1,5,4,2,2,2,3,2,3,2,3,1,2,5,1,0,7
"500",12,2,4,5,21,0,2,11,2,7,6,7,2,3,2,3,2,2,3,1,1,1,5,4,3,4,3,5,4
"501",18,3,1,1,70,5,1,1,2,3,4,7,1,1,6,1,1,1,1,1,5,1,5,3,1,5,4,2,3
"502",14,2,1,1,61,4,1,5,5,5,6,6,2,1,6,2,4,3,1,1,5,2,5,3,2,3,1,2,5
"503",14,3,7,1,36,2,2,1,3,5,5,7,1,4,3,2,1,1,2,3,3,2,5,2,3,5,4,0,5
"504",14,3,1,1,36,4,1,4,3,4,3,7,2,1,2,2,3,1,3,3,3,2,3,2,2,5,5,0,4
"505",20,3,1,1,48,5,1,1,2,4,4,7,2,1,2,2,2,3,4,3,2,2,4,3,2,4,4,1,7
"506",15,2,6,3,34,0,2,1,5,7,7,5,1,1,1,1,1,1,1,1,1,1,1,1,1,5,5,0,4
"507",14,1,4,4,38,3,2,4,2,4,7,7,1,6,2,2,2,2,3,1,2,1,5,1,2,1,3,5,4
"508",18,2,1,2,55,1,2,4,2,2,2,7,2,3,4,3,2,3,4,2,5,2,5,5,2,5,5,0,0
"509",16,2,4,5,67,0,1,4,5,2,6,7,2,4,2,2,2,1,3,3,3,2,5,3,2,5,5,2,3
"510",13,2,2,5,26,1,2,1,2,7,3,5,1,2,6,1,1,1,2,1,3,2,1,1,1,4,2,1,0
"511",11,2,1,5,21,0,2,1,4,7,3,4,2,3,3,1,1,1,1,3,3,2,2,1,1,3,3,2,0
"512",10,2,5,1,72,1,1,1,1,2,3,7,2,3,3,2,1,2,2,3,3,2,3,4,3,5,4,2,9
"513",20,2,1,5,47,0,2,5,5,7,2,7,2,2,6,1,1,1,1,1,1,1,5,2,2,1,3,2,1
"514",18,2,1,5,38,0,2,4,4,7,3,6,1,1,3,1,1,1,1,1,1,1,1,1,1,1,4,1,0
"515",16,2,5,3,76,3,1,2,7,7,7,5,2,5,6,3,4,2,4,4,4,3,5,1,2,4,2,5,0
"516",17,3,5,1,69,2,2,2,2,4,5,7,2,6,6,2,2,3,4,3,3,2,5,4,2,5,5,0,6
"517",20,2,7,1,54,3,2,1,2,5,6,7,2,5,6,1,1,1,2,1,3,1,5,2,3,2,3,1,0
"518",16,3,1,3,52,0,1,1,5,7,4,5,1,1,6,1,1,1,1,1,2,1,1,1,1,4,4,7,8
"519",15,2,5,3,59,2,2,2,4,5,4,5,2,5,3,2,2,2,4,2,2,2,3,2,1,5,3,0,1
"520",7,2,5,2,80,8,1,2,2,6,5,6,3,6,5,2,1,4,1,1,3,1,5,1,3,2,4,10,5
"521",14,2,3,5,39,3,1,4,1,4,2,7,1,1,5,2,2,1,2,3,4,1,5,2,2,4,4,1,8
"522",18,2,1,1,49,2,1,11,3,7,4,5,1,1,6,1,1,1,1,1,2,1,4,2,1,5,5,0,1
"523",12,2,2,5,21,0,2,2,2,1,2,3,2,3,2,2,2,2,3,1,2,3,4,2,2,4,5,3,4
"524",13,2,1,3,62,2,2,2,2,6,7,2,2,2,2,2,2,1,2,2,3,2,4,2,3,5,3,7,3
"525",18,2,1,5,42,0,2,4,6,7,4,7,2,2,2,1,1,1,2,2,3,1,5,5,1,5,4,1,0
"526",14,3,2,5,31,0,1,11,1,3,2,5,1,3,2,1,1,1,1,1,3,2,5,2,2,3,3,0,0
"527",15,3,2,1,47,3,1,9,3,5,5,7,1,1,3,1,1,1,1,1,2,1,4,2,2,4,3,5,5
"528",17,3,4,3,49,2,1,11,3,1,2,7,2,4,6,1,1,1,1,1,4,1,4,2,1,4,3,5,7
"529",12,2,2,4,63,1,1,2,6,4,2,4,2,5,1,1,1,1,2,2,5,1,3,5,3,5,4,0,0
"530",12,2,1,3,39,2,2,1,3,7,3,7,1,1,3,2,2,2,3,2,4,2,5,3,2,3,4,0,3
"531",13,1,7,5,23,4,2,4,1,1,1,7,1,1,1,1,1,1,1,1,1,1,1,1,1,1,1,0,0
"532",13,2,1,5,36,1,2,4,4,7,5,5,2,3,5,1,1,2,2,1,3,2,4,2,1,2,3,5,4
"533",10,2,5,1,87,7,2,1,2,7,2,7,1,5,3,2,1,1,4,1,2,1,5,5,1,5,1,0,0
"534",16,3,1,1,52,2,2,4,4,3,3,3,2,1,3,1,1,1,1,1,2,1,5,3,2,3,2,5,3
"535",18,2,1,4,49,5,1,1,2,2,3,3,2,1,3,1,1,1,3,2,5,1,4,3,2,5,5,1,5
"536",13,3,5,2,78,2,2,2,2,6,6,7,2,5,1,4,4,3,5,5,5,2,5,4,2,5,5,2,2
"537",16,3,1,1,50,2,2,1,3,5,4,7,1,2,3,1,1,1,2,1,2,1,4,2,2,5,4,2,5
"538",17,2,6,5,22,0,2,4,3,3,2,3,1,1,3,3,3,2,4,2,2,1,3,2,3,2,3,3,4
"539",15,2,4,5,24,0,1,4,2,7,2,7,1,1,6,1,1,1,1,1,4,1,3,2,2,1,2,5,3
"540",14,3,4,5,24,0,1,1,3,4,4,3,2,6,4,1,1,1,1,2,2,2,4,3,2,4,5,1,7
"541",12,3,7,1,50,4,2,11,2,5,5,7,2,5,3,1,2,2,3,3,5,4,5,3,2,4,4,0,5
"542",12,2,1,3,56,2,1,2,4,5,6,7,2,2,6,5,4,1,5,5,5,1,5,4,5,5,5,5,3
"543",13,1,1,4,23,1,2,1,2,7,5,5,1,1,6,1,1,1,1,1,1,1,4,1,1,4,3,0,0
"544",11,1,2,5,21,0,2,4,3,5,1,7,1,1,6,1,1,1,1,1,1,1,1,3,1,3,1,10,0
"545",16,3,1,1,40,1,2,4,5,3,3,4,1,1,5,1,1,1,2,1,1,1,3,2,1,3,2,7,4
"546",19,4,1,1,79,2,1,4,2,7,2,7,2,1,6,1,1,1,2,1,5,1,5,5,2,4,4,0,8
"547",16,3,5,1,65,3,2,4,4,7,6,6,2,4,5,2,2,2,2,2,2,2,4,3,2,3,3,4,6
"548",16,3,5,1,67,2,1,4,4,7,2,3,1,5,6,1,1,1,1,1,3,2,5,3,2,4,2,2,9
"549",20,3,1,1,39,1,1,4,5,4,3,2,1,1,5,1,1,1,1,1,4,2,2,2,2,4,5,4,8
"550",17,4,1,1,43,2,1,1,3,3,1,4,1,1,6,1,1,1,1,1,4,1,3,3,1,4,3,4,5
"551",15,3,7,1,40,7,1,1,2,7,3,3,1,5,6,1,1,1,1,1,1,1,1,1,1,3,3,2,3
"552",14,2,4,3,38,4,1,4,6,6,3,3,1,1,6,1,1,1,3,1,5,1,1,1,3,2,2,0,5
"553",19,3,1,1,42,2,2,1,3,6,5,5,1,1,2,1,1,1,1,1,3,1,4,1,1,3,3,5,7
"554",12,3,5,1,65,3,2,4,5,7,7,7,2,2,1,3,2,2,3,4,4,2,3,5,1,3,2,5,5
"555",12,3,5,1,74,1,1,1,6,7,7,7,2,5,3,3,2,1,3,3,4,1,2,4,2,5,3,0,5
"556",17,2,1,5,45,0,2,10,2,5,3,5,2,1,3,2,2,2,2,1,2,2,4,2,2,4,4,5,5
"557",12,2,1,5,53,1,2,4,1,7,5,5,4,5,3,2,2,1,4,5,4,1,5,5,1,5,5,0,1
"558",12,3,1,1,55,8,1,1,5,6,6,7,3,3,2,3,3,3,3,3,3,3,5,5,5,5,5,1,5
"559",12,2,1,3,57,2,2,1,5,7,4,5,1,1,1,1,1,2,4,1,1,1,5,1,2,3,5,2,4
"560",12,1,5,1,69,2,1,4,6,4,3,7,2,5,6,3,4,2,4,5,4,4,4,4,5,5,5,0,6
"561",16,2,1,1,30,2,2,1,4,5,4,4,1,1,2,2,2,2,2,1,2,1,3,3,3,4,4,4,5
"562",12,3,5,3,64,0,1,1,5,5,5,5,4,5,1,5,4,1,5,5,5,5,5,5,5,5,5,0,0
"563",14,3,1,2,48,1,2,1,3,5,2,6,2,1,4,1,1,1,2,1,1,1,5,1,1,5,5,5,7
"564",12,2,1,3,46,3,1,1,1,1,4,3,1,2,3,2,2,2,2,2,2,2,5,2,5,3,4,2,3
"565",12,2,5,1,77,3,1,1,3,2,3,2,3,5,5,3,3,3,4,3,3,2,5,3,4,4,4,0,0
"566",13,3,5,1,70,4,1,4,5,6,6,7,1,5,5,1,1,1,2,2,3,1,3,1,2,3,3,0,0
"567",12,3,4,5,60,0,1,1,5,7,7,7,1,5,6,2,2,3,4,2,3,3,5,2,4,5,1,3,7
"568",18,2,1,1,55,1,1,2,5,6,5,7,2,2,3,2,1,1,1,1,5,2,5,3,1,4,5,0,0
"569",12,3,1,1,27,1,1,2,2,6,3,3,2,1,1,1,1,1,1,1,1,1,1,1,1,4,4,0,4
"570",18,1,3,1,57,5,1,1,4,7,4,7,1,1,2,1,1,1,1,1,2,1,5,2,1,3,2,3,5
"571",20,3,5,2,80,3,2,1,5,7,7,7,1,5,2,1,1,1,3,2,4,1,5,5,4,5,2,2,6
"572",14,3,1,1,50,1,1,4,5,1,2,4,1,1,2,1,1,1,1,1,4,1,3,2,2,4,4,5,6
"573",13,3,5,3,71,4,1,2,6,7,4,7,1,5,4,1,1,2,2,3,4,2,5,3,2,3,1,0,6
"574",13,3,1,1,39,3,1,1,4,7,4,6,1,1,4,1,1,1,1,1,1,1,5,4,2,3,4,5,0
"575",16,3,2,3,60,5,2,1,5,7,5,7,2,1,2,1,1,2,3,1,2,1,3,3,1,3,3,2,5
"576",12,2,1,3,60,2,2,1,4,7,4,7,6,5,6,4,4,2,4,1,5,5,3,5,5,1,5,0,2
"577",17,3,1,5,30,0,2,4,2,4,2,5,1,1,5,1,2,1,2,1,5,1,3,1,2,3,1,5,6
"578",16,4,1,1,77,2,1,1,5,4,5,7,1,1,6,2,2,2,3,2,1,1,5,2,2,5,3,5,6
"579",16,3,5,5,65,0,2,1,5,4,3,5,2,6,3,1,2,2,2,2,4,1,3,2,2,3,2,6,5
"580",18,4,1,1,49,3,1,1,5,5,5,6,1,1,5,1,1,1,1,1,1,1,4,1,1,2,3,5,0
"581",15,1,2,5,33,5,2,1,2,3,2,6,2,5,3,1,1,1,1,1,4,1,5,4,1,5,5,3,6
"582",12,2,1,5,31,0,1,1,6,7,2,7,1,3,2,1,1,3,2,2,2,2,1,1,2,2,2,5,3
"583",12,2,1,4,60,2,2,5,2,3,3,5,2,3,1,3,2,1,3,1,2,3,5,2,2,4,5,0,0
"584",16,3,1,5,26,0,2,4,3,7,6,7,1,1,2,1,1,1,1,2,5,1,2,2,2,1,4,5,0
"585",20,3,1,2,62,1,2,4,4,7,3,6,1,1,1,1,1,1,1,1,3,1,5,4,1,3,3,4,5
"586",14,3,1,1,41,0,1,1,5,5,2,2,1,3,6,1,1,1,2,1,4,2,5,3,1,4,5,2,7
"587",16,3,5,1,77,1,2,1,3,4,4,6,1,5,6,1,1,1,1,4,3,1,5,4,1,5,5,3,4
"588",16,2,2,1,42,3,2,2,7,2,7,7,1,1,4,1,1,1,1,1,1,1,4,1,3,2,4,0,0
"589",14,1,1,3,43,1,2,4,6,2,3,7,1,1,6,1,1,1,2,1,2,1,1,3,2,3,5,7,1
"590",16,3,5,1,74,4,1,1,4,2,2,7,1,1,4,1,1,1,1,1,4,1,5,1,2,5,1,5,5
"591",18,3,1,5,42,2,2,4,1,2,4,5,1,1,2,1,1,1,2,1,2,1,4,4,2,4,5,3,4
"592",16,2,2,5,44,1,1,2,2,7,2,7,1,5,2,2,2,1,2,2,5,1,5,2,2,4,5,0,2
"593",17,3,1,1,39,1,2,2,1,2,4,3,1,1,6,2,1,1,3,1,2,2,3,3,3,4,3,2,3
"594",12,2,7,1,22,1,2,2,2,5,2,4,1,3,3,1,1,1,2,1,3,1,5,2,2,4,3,2,4
"595",16,2,1,3,60,2,1,1,2,3,4,1,2,1,2,2,3,1,4,3,2,1,5,5,2,4,5,2,3
"596",18,2,1,5,41,2,2,1,4,7,5,7,1,3,2,1,1,2,2,2,4,2,5,5,2,5,4,3,5
"597",13,3,1,1,48,1,1,1,2,4,2,5,1,1,6,1,1,2,2,1,2,1,4,2,1,3,5,2,3
"598",12,1,5,3,65,4,2,1,2,7,2,7,2,5,2,2,2,2,4,1,3,2,5,3,2,4,3,5,3
"599",12,2,1,5,42,4,1,1,2,2,2,5,1,2,6,1,1,1,1,2,2,2,2,2,3,3,4,0,3
"600",13,2,7,5,43,1,2,1,3,3,2,7,1,4,5,1,1,3,1,1,1,1,3,1,2,3,4,0,2
"601",12,4,7,5,34,2,2,4,6,6,6,7,2,5,3,5,5,5,5,4,3,1,5,3,2,5,5,0,0
"602",12,2,5,5,66,0,2,2,6,4,7,7,1,5,1,1,1,1,1,1,2,1,1,1,1,3,3,7,0
"603",11,2,2,5,67,2,2,1,1,7,1,7,1,1,3,2,2,3,2,2,5,3,1,5,2,5,4,0,0
"604",12,2,1,3,50,1,2,1,1,7,6,7,2,2,6,2,2,3,3,3,3,3,2,3,4,4,2,1,3
"605",14,3,1,1,46,3,2,1,2,4,5,7,2,1,4,1,1,2,2,1,1,1,3,2,2,4,4,5,5
"606",12,3,7,5,37,3,2,4,1,7,5,7,1,5,2,1,1,1,2,1,4,1,4,2,2,3,4,0,3
"607",13,3,5,2,76,3,2,1,1,6,3,7,2,5,1,2,2,3,4,3,5,2,3,3,2,4,4,4,6
"608",12,3,5,1,88,1,1,1,5,4,5,7,2,4,5,2,3,2,4,3,3,2,4,4,2,4,4,2,6
"609",12,2,1,1,28,4,1,2,2,3,5,7,1,3,2,1,1,1,2,2,4,1,5,1,1,5,5,0,0
"610",16,3,2,4,42,3,2,2,3,6,5,6,1,1,5,1,1,1,1,1,3,2,5,3,1,3,4,3,0
"611",12,2,1,3,30,3,2,1,3,2,4,5,2,3,2,1,1,1,2,2,2,2,2,2,2,5,4,5,0
"612",16,3,1,1,42,2,2,1,2,5,3,5,1,1,2,1,1,1,1,2,2,1,3,2,1,2,2,6,8
"613",14,2,1,1,40,6,1,1,3,7,7,7,2,3,3,1,1,1,1,1,3,2,4,2,2,3,5,2,5
"614",16,2,1,1,45,3,1,1,4,6,5,5,1,2,5,2,2,2,2,2,2,2,5,5,2,3,3,0,7
"615",8,1,1,3,58,4,2,4,2,7,5,7,1,1,2,1,1,1,1,3,4,1,5,3,1,5,4,0,3
"616",11,2,1,5,24,1,2,4,1,7,2,7,1,3,2,1,1,1,3,1,3,2,3,1,1,4,4,0,0
"617",10,3,5,1,62,2,2,2,4,7,5,7,2,5,2,3,2,3,3,2,3,2,4,4,3,5,3,4,2
"618",14,2,2,1,22,0,2,1,1,7,7,7,1,2,6,1,2,2,2,1,4,1,5,1,1,5,1,3,1
"619",18,3,1,1,39,3,1,4,5,5,5,4,2,1,3,1,1,1,1,1,1,1,5,3,3,3,4,0,7
"620",10,3,1,1,53,3,2,1,4,7,7,7,1,6,1,3,1,1,3,3,2,1,5,3,1,1,3,0,5
"621",15,1,1,1,44,1,2,4,7,6,4,4,4,1,2,2,2,2,3,3,2,3,5,5,2,5,5,7,6
"622",16,2,1,1,57,2,2,1,2,7,3,6,2,1,6,1,1,1,1,1,3,2,2,2,2,5,5,1,9
"623",17,3,5,2,68,2,2,1,3,4,5,6,2,5,6,2,2,2,3,1,4,2,2,4,3,4,4,5,6
"624",15,3,1,5,28,1,1,1,2,5,5,4,1,1,3,1,1,1,3,2,1,1,4,2,1,3,2,7,8
"625",20,3,1,3,68,0,1,4,7,7,7,6,1,3,5,1,1,2,2,1,5,2,4,1,2,3,4,1,1
"626",16,3,1,5,54,0,2,2,2,4,2,7,1,2,6,1,1,1,2,1,1,1,5,3,1,3,1,3,5
"627",12,2,5,2,77,2,2,1,3,5,4,6,3,5,1,3,3,1,3,2,4,2,2,1,1,5,4,0,8
"628",14,3,1,1,25,0,1,1,6,5,5,7,1,2,5,1,1,1,1,1,2,1,1,1,3,3,2,5,4
"629",12,3,1,5,19,0,1,4,3,5,1,7,1,2,5,1,1,1,2,1,1,2,3,2,4,3,2,3,5
"630",16,3,1,3,53,2,1,11,4,6,5,7,2,2,6,2,2,2,2,2,3,2,2,2,2,2,3,2,5
"631",13,2,5,1,83,2,1,1,7,2,2,7,2,5,6,1,1,1,2,4,5,1,5,2,5,5,4,10,8
"632",18,3,5,1,75,3,1,1,3,7,5,7,2,5,3,1,1,1,2,1,3,1,5,1,1,5,5,1,4
"633",13,1,5,3,68,3,2,1,2,6,5,7,2,5,1,2,2,4,5,4,2,2,5,1,2,2,4,2,2
"634",14,3,7,1,60,5,2,1,2,7,2,7,2,4,2,2,2,2,3,2,3,2,2,3,3,5,4,4,0
"635",17,1,1,1,45,3,1,9,1,7,4,7,1,1,5,1,1,1,1,1,3,1,4,1,1,2,3,0,5
"636",13,3,2,5,70,0,1,4,5,7,6,6,2,5,6,3,2,2,3,2,3,2,5,2,2,3,3,4,5
"637",18,3,1,1,64,2,1,1,2,3,5,4,1,5,5,2,2,2,2,2,3,3,5,2,3,2,2,5,4
"638",16,3,1,1,59,2,2,1,5,6,5,6,2,2,6,2,2,2,3,2,3,2,3,4,3,3,4,4,7
"639",13,2,3,1,25,2,2,6,2,5,6,7,2,2,2,1,1,1,1,1,2,1,4,1,1,3,3,10,0
"640",18,3,1,5,27,0,2,4,3,3,3,4,1,1,4,1,1,1,1,1,1,1,5,1,1,5,1,1,5
"641",16,3,1,5,24,0,2,4,6,7,4,7,2,2,4,1,1,2,2,3,3,2,5,2,3,3,2,3,6
"642",14,2,2,5,64,3,2,1,6,7,6,7,2,2,6,3,3,3,3,4,4,2,3,3,3,4,3,4,4
"643",18,3,6,5,23,0,1,7,5,1,3,4,1,1,1,2,2,2,2,2,3,2,4,2,2,3,4,3,3
"644",16,2,2,5,22,0,2,1,4,2,4,4,1,1,5,1,1,1,1,1,3,1,1,1,1,4,3,6,7
"645",17,3,3,3,37,0,1,4,4,6,3,5,2,4,3,1,1,1,1,1,4,2,3,2,2,3,4,2,2
"646",16,2,1,5,26,0,2,1,2,3,3,3,1,1,5,1,1,1,2,1,1,1,2,1,1,4,1,0,0
"647",20,3,1,5,36,0,2,2,6,2,3,3,1,3,5,1,1,1,1,2,2,1,5,2,1,5,4,5,7
"648",16,3,6,5,24,0,2,4,6,3,5,3,1,1,6,1,1,1,1,1,4,1,2,1,1,3,3,1,4
"649",15,2,2,5,28,0,1,4,6,4,3,7,2,3,4,1,1,2,2,1,4,1,1,2,2,4,3,8,4
"650",14,2,4,2,61,0,1,1,6,6,6,7,3,6,3,1,2,2,2,3,4,3,5,5,1,4,3,1,8
"651",16,3,1,1,41,2,2,1,3,4,3,7,1,2,4,1,1,1,1,2,3,2,3,1,1,5,4,0,3
"652",12,3,5,1,74,2,1,1,2,3,3,7,2,5,1,1,1,1,1,2,4,2,3,4,3,3,5,3,3
"653",12,1,5,1,74,2,1,4,3,7,4,7,2,5,1,2,2,2,3,2,3,3,5,5,4,4,4,3,4
"654",15,3,5,2,74,2,1,1,5,7,7,7,2,5,1,3,3,1,3,1,2,2,4,2,5,5,5,0,0
"655",20,3,1,1,34,1,1,1,4,7,3,5,2,1,2,1,1,1,1,2,5,2,1,3,2,3,4,4,6
"656",12,3,2,5,18,0,1,1,2,7,4,7,1,2,2,1,1,1,1,3,4,3,1,1,4,3,2,1,2
"657",14,1,1,3,49,2,2,1,1,5,5,5,1,1,2,2,1,1,2,2,4,1,5,1,1,3,5,0,0
"658",18,3,5,1,71,2,2,1,2,2,3,2,2,5,2,2,2,2,3,2,2,2,4,3,2,4,3,2,6
"659",12,2,1,1,35,0,1,1,3,7,2,4,2,2,2,2,2,2,2,2,2,2,1,2,2,3,3,5,6
"660",17,2,4,3,52,4,1,1,5,6,5,7,3,5,1,1,1,1,1,1,1,3,5,5,5,5,5,0,0
"661",12,2,1,5,47,1,2,4,6,2,1,1,1,3,6,2,2,2,2,2,2,1,2,1,1,4,2,7,8
"662",19,3,1,1,85,2,1,2,4,6,6,7,1,1,5,1,1,1,2,1,2,2,5,5,2,3,3,4,5
"663",12,2,1,1,47,4,1,1,1,7,5,5,2,3,6,3,2,2,2,3,3,2,2,4,1,5,5,4,5
"664",16,2,1,5,42,2,2,4,4,7,4,5,1,1,3,1,1,1,2,1,2,1,4,3,2,3,3,4,2
"665",12,3,1,3,53,2,2,1,6,6,5,7,1,1,3,1,1,1,1,1,3,1,5,4,1,3,2,5,5
"666",15,3,5,2,63,2,2,1,2,2,2,2,1,1,3,1,2,1,2,1,3,2,3,2,2,5,5,3,7
"667",16,3,7,1,41,2,2,4,5,5,5,7,2,5,4,2,2,2,3,1,4,1,4,3,2,3,4,5,6
"668",18,3,1,1,42,0,2,2,4,4,5,5,1,1,2,1,1,1,1,1,4,1,5,1,1,3,4,2,2
"669",18,2,1,5,29,0,1,2,3,5,4,5,1,2,5,1,1,3,3,1,3,2,1,1,2,3,3,5,3
"670",14,2,1,3,46,0,1,1,5,7,5,7,2,3,2,2,2,3,2,2,3,2,1,2,2,3,5,1,3
"671",14,3,5,1,75,2,2,1,6,6,6,7,1,5,6,2,2,2,3,1,2,1,5,5,3,4,3,2,0
"672",12,1,8,3,38,3,1,4,7,7,7,7,1,5,6,1,1,1,1,1,1,1,1,1,2,1,3,1,0
"673",16,2,1,5,52,1,2,4,3,7,3,5,2,2,6,2,2,2,3,3,3,3,4,3,2,4,5,2,5
"674",12,3,2,5,42,2,2,4,5,7,7,6,1,1,6,2,2,2,2,2,3,3,5,3,3,3,2,3,2
"675",12,2,3,5,48,0,1,4,5,7,3,6,1,2,6,1,1,3,2,2,1,1,5,2,2,2,1,1,1
"676",13,2,1,3,52,1,2,1,5,6,3,7,1,1,6,1,1,2,2,2,3,2,5,2,2,3,4,0,0
"677",11,2,7,3,30,3,1,5,7,7,2,7,2,5,2,2,2,1,2,2,5,2,2,2,4,2,4,0,0
"678",18,3,1,5,32,0,2,1,2,4,2,5,2,2,5,2,2,1,3,2,4,2,5,3,3,2,4,2,7
"679",16,2,1,1,43,2,1,4,2,5,5,6,2,2,5,2,2,2,3,2,2,2,3,2,3,4,4,5,5
"680",14,2,3,1,63,0,1,13,5,5,5,6,2,3,6,2,2,2,2,3,2,2,4,3,3,3,5,6,5
"681",18,3,1,2,61,2,2,1,2,7,5,5,1,1,2,2,2,2,1,1,2,2,4,3,1,4,4,5,7
"682",18,2,5,1,72,0,2,1,4,2,5,6,2,5,3,2,2,2,4,1,5,2,4,2,2,5,2,2,7
"683",18,1,2,3,57,2,2,4,2,5,4,7,2,1,2,1,1,1,3,2,5,2,5,3,3,5,5,5,10
"684",12,3,1,1,66,1,1,1,2,7,6,7,2,1,6,1,1,1,3,3,3,2,5,5,2,5,2,7,4
"685",14,1,1,1,49,0,2,4,3,7,3,5,1,2,6,1,1,2,1,1,3,1,3,1,1,4,3,3,6
"686",17,2,1,3,65,1,1,1,5,5,4,5,2,1,3,2,2,2,3,2,4,3,5,3,3,5,4,0,0
"687",20,3,1,1,30,0,1,1,6,7,5,5,2,2,6,2,2,2,2,2,4,2,3,4,4,5,4,2,3
"688",16,3,1,1,33,1,2,1,2,4,2,3,1,1,3,1,1,1,1,1,1,1,5,2,1,3,4,5,7
"689",12,2,1,3,24,1,2,11,4,7,7,7,1,5,5,1,1,1,3,1,1,1,1,1,1,3,3,2,2
"690",12,3,7,1,66,3,2,1,2,2,4,7,2,5,2,2,2,2,2,3,4,2,5,5,2,4,5,0,7
"691",12,3,8,1,69,6,2,1,1,7,2,7,1,6,6,2,2,2,3,1,2,2,1,2,5,3,4,4,5
"692",20,4,5,1,63,1,2,1,1,2,3,7,2,6,2,1,1,1,3,3,4,2,5,3,2,5,5,0,3
"693",12,1,1,3,28,3,2,4,5,7,5,7,1,1,4,1,1,1,1,1,2,1,1,1,1,1,2,3,0
"694",14,2,5,1,82,3,1,1,5,7,6,7,4,5,6,3,3,1,3,4,5,3,5,5,3,5,5,0,2
"695",15,2,1,1,43,3,1,4,1,4,5,5,1,2,2,1,1,1,2,2,3,2,3,2,2,3,3,5,7
"696",13,2,1,3,46,6,1,4,1,7,6,6,2,3,6,2,2,4,5,3,3,1,5,5,3,5,5,0,5
"697",13,1,6,5,19,0,2,4,3,5,4,5,1,2,4,2,2,1,3,1,1,1,3,1,3,5,2,4,7
"698",16,3,5,1,84,2,1,1,3,2,2,7,3,2,5,2,2,1,5,4,5,1,5,5,5,4,4,0,0
"699",11,1,1,3,57,2,2,1,3,4,2,7,4,3,5,2,2,2,2,2,3,2,4,4,1,5,2,2,6
"700",14,4,7,1,40,1,2,1,2,7,5,5,2,5,2,1,1,1,1,1,2,1,3,2,2,3,5,5,10
"701",12,2,2,1,54,4,2,5,2,7,2,7,1,1,5,1,1,2,3,1,2,3,1,3,3,3,3,5,0
"702",12,3,1,5,19,0,1,4,4,7,5,7,1,3,6,2,2,2,2,2,4,2,1,2,3,3,3,3,5
"703",11,2,1,1,49,3,2,4,5,7,7,5,1,1,5,3,2,1,4,1,1,1,1,1,2,2,5,3,4
"704",17,3,1,1,46,1,1,4,2,2,4,3,2,4,5,1,1,1,2,3,3,2,4,2,2,4,5,5,7
"705",19,3,1,3,31,0,2,4,4,7,3,4,1,1,6,1,1,1,2,1,4,1,4,2,1,4,4,3,5
"706",14,3,2,5,58,8,2,1,2,7,5,7,5,4,3,3,3,1,2,5,5,3,5,3,5,4,4,0,0
"707",12,2,5,5,69,0,1,2,5,7,7,7,2,5,5,2,2,2,3,3,5,1,5,3,2,5,4,0,0
"708",19,3,5,1,63,0,1,1,3,5,3,6,3,2,6,1,1,1,1,3,3,1,5,3,1,5,5,3,4
"709",18,3,2,3,68,2,1,1,3,3,3,3,1,1,5,1,1,1,1,1,3,1,3,1,1,5,3,2,6
"710",16,4,5,1,74,2,1,1,3,7,4,7,3,5,6,3,2,3,3,3,3,3,5,5,2,4,2,3,5
"711",13,1,8,4,56,3,1,1,1,4,4,7,2,5,1,1,1,1,2,1,1,3,5,2,1,4,3,3,1
"712",12,2,1,5,19,0,1,1,2,4,4,7,2,2,5,1,1,1,2,3,2,2,2,2,4,5,5,3,3
"713",12,2,1,3,57,2,1,1,2,3,3,5,2,4,2,3,2,3,2,2,3,2,4,3,2,4,4,3,1
"714",20,3,5,1,77,2,1,4,1,2,3,6,1,1,2,1,1,1,1,1,1,1,2,1,1,5,4,2,8
"715",19,3,5,1,62,2,2,2,4,3,4,6,1,5,5,1,1,1,2,2,2,2,1,3,2,5,2,0,4
"716",12,2,1,1,53,2,1,2,5,3,6,5,2,2,2,2,2,2,3,3,3,1,5,4,2,3,5,2,3
"717",20,3,5,3,70,2,2,4,2,3,2,4,2,5,6,2,2,1,2,2,3,2,5,3,2,5,4,3,10
"718",14,3,5,2,89,4,2,1,6,2,4,7,1,5,6,3,2,2,4,2,2,2,5,2,2,5,5,7,7
"719",11,1,4,3,35,2,1,2,6,7,2,6,4,2,4,3,3,3,3,4,4,4,4,3,3,3,3,0,5
"720",14,2,1,5,33,0,1,1,4,6,3,3,1,4,2,1,1,1,1,2,4,1,4,1,3,5,5,0,5
"721",14,2,1,3,51,2,2,1,3,2,7,5,2,2,2,2,2,1,2,3,5,1,4,2,1,5,4,0,0
"722",14,2,1,5,23,0,2,1,3,2,3,5,1,1,2,2,2,2,3,2,2,1,4,2,2,4,4,4,4
"723",12,2,1,1,34,1,1,2,2,3,2,2,1,4,5,1,1,1,1,1,3,1,4,1,2,4,3,3,0
"724",11,2,1,1,51,2,1,1,2,5,5,7,1,1,5,1,1,2,2,1,2,2,4,3,3,4,4,0,3
"725",12,3,1,1,58,2,2,1,3,5,3,7,4,1,2,1,1,1,2,2,5,2,4,5,2,4,3,5,0
"726",14,4,1,5,30,0,2,2,4,4,5,4,2,4,4,3,3,3,3,3,4,3,3,3,4,3,3,3,5
"727",14,3,8,1,59,1,2,6,5,7,7,5,1,2,6,2,2,1,3,1,1,1,5,2,3,3,3,3,2
"728",15,2,5,1,65,1,2,1,5,6,5,7,1,2,2,3,3,3,4,3,4,3,3,2,2,4,1,0,4
"729",14,3,1,5,64,0,1,1,6,7,4,7,1,1,1,1,1,1,1,1,1,1,4,3,2,5,4,6,4
"730",12,2,4,3,42,5,2,4,6,5,3,6,1,1,2,1,1,1,3,3,4,2,5,1,1,4,5,8,5
"731",15,2,6,1,27,1,1,7,1,4,2,5,1,1,3,1,1,2,2,1,4,1,1,1,1,3,3,0,9
"732",13,2,1,4,60,2,2,11,4,7,4,7,2,1,2,2,2,2,2,3,3,2,5,3,3,3,4,2,2
"733",12,2,1,1,48,4,2,2,4,7,4,7,2,2,2,3,3,3,2,2,3,1,5,3,2,3,1,0,5
"734",17,3,5,1,64,0,1,2,3,2,5,7,2,1,2,3,2,3,2,3,4,2,3,4,3,4,3,6,7
"735",16,3,1,5,69,0,2,2,1,4,3,6,1,2,5,2,2,2,3,3,3,3,3,3,2,4,2,3,0
"736",13,3,1,3,63,2,1,1,5,3,4,3,1,1,4,2,2,1,3,2,3,1,3,1,1,3,3,5,4
"737",16,2,1,5,30,0,2,1,2,7,4,6,1,1,6,1,1,1,1,1,3,2,4,2,1,3,3,0,0
"738",16,1,4,5,37,0,1,1,1,2,5,5,2,2,2,1,1,2,1,2,2,2,2,2,2,3,4,5,4
"739",15,2,6,5,21,0,1,1,4,2,2,2,1,1,3,1,1,1,2,1,3,2,2,1,2,2,3,3,0
"740",14,2,3,1,24,0,2,1,1,7,3,5,1,1,6,1,1,2,2,1,1,1,5,2,2,4,4,2,4
"741",14,2,2,5,24,0,2,1,2,7,5,4,3,1,2,1,1,1,1,1,2,1,5,2,2,2,2,3,2
"742",13,3,1,1,46,4,1,4,5,3,2,3,1,1,4,2,2,2,2,1,4,1,4,3,1,4,3,1,3
"743",18,3,1,1,54,2,2,1,1,5,5,7,1,1,6,1,1,1,2,2,3,1,5,4,2,4,5,2,7
"744",12,3,2,1,52,5,2,11,5,7,3,7,2,5,2,1,1,2,2,4,2,1,5,3,1,5,2,4,4
"745",16,3,2,5,63,0,1,1,4,7,3,7,2,5,2,1,1,1,1,1,1,1,4,1,1,5,3,0,0
"746",17,3,5,5,47,1,1,1,2,2,3,4,4,3,2,2,2,1,2,2,3,2,4,2,2,5,4,1,5
"747",11,2,1,5,41,1,1,1,1,7,3,7,2,3,6,3,2,1,3,1,3,2,2,1,2,4,5,2,2
"748",18,3,1,3,70,3,2,1,2,4,5,6,1,1,5,1,1,1,2,1,1,1,5,3,1,5,4,1,5
"749",16,1,6,1,39,3,2,4,2,7,7,7,6,3,5,1,1,1,1,1,1,1,4,3,1,1,3,2,5
"750",13,2,1,3,65,2,2,2,2,2,3,4,1,1,6,2,2,2,3,1,3,1,5,4,3,2,4,9,10
"751",20,2,1,1,42,1,1,4,2,7,4,6,1,1,5,1,1,1,1,1,3,1,1,1,1,1,1,4,7
"752",18,3,7,1,35,2,2,8,3,5,5,7,2,4,2,3,1,2,2,2,4,1,5,2,3,4,2,0,3
"753",18,3,5,1,68,1,1,2,5,7,4,6,2,5,6,2,1,2,3,2,4,1,3,3,1,5,2,6,6
"754",14,3,1,1,64,2,1,1,2,4,5,7,2,2,5,1,1,1,1,2,3,1,4,4,1,4,4,2,7
"755",12,3,5,5,38,0,1,1,6,4,7,3,2,5,6,2,2,1,2,3,5,2,5,4,4,5,5,0,3
"756",13,2,7,1,55,4,2,5,1,1,1,3,2,2,2,2,2,2,3,2,3,2,3,2,2,4,5,2,5
"757",12,2,7,1,39,4,2,1,5,3,3,7,2,5,2,1,1,1,2,3,3,1,5,2,2,4,5,2,6
"758",13,1,5,1,60,2,1,2,4,7,7,4,1,5,5,4,3,3,5,2,3,3,5,5,5,4,4,0,0
"759",16,2,1,3,34,6,2,5,2,7,7,7,1,1,6,1,1,1,2,3,3,2,5,3,3,5,4,0,0
"760",12,3,1,5,26,0,1,4,2,4,3,7,1,2,6,1,1,1,1,1,5,2,2,3,3,4,3,0,0
"761",12,1,4,5,65,2,2,1,3,7,7,7,1,5,6,1,2,2,4,1,3,3,5,1,5,2,4,5,0
"762",15,2,7,5,42,4,2,1,3,7,5,7,2,1,2,1,1,1,2,1,3,1,2,1,2,4,4,0,0
"763",12,2,4,5,19,0,2,1,1,1,2,5,1,1,2,1,1,1,1,1,1,1,3,1,3,5,5,0,0
"764",14,3,4,1,56,2,1,4,1,2,4,7,1,1,6,1,1,1,2,1,5,2,5,5,1,5,4,2,3
"765",12,2,2,5,27,3,2,1,2,7,3,3,1,2,5,1,1,1,1,1,1,1,3,2,2,4,3,2,0
"766",12,2,1,5,36,0,1,4,4,7,5,7,1,1,6,1,1,1,1,1,1,1,1,1,1,4,5,7,7
"767",12,3,1,1,39,2,1,1,3,3,4,4,1,2,2,2,2,2,3,2,2,2,3,2,2,2,3,5,5
"768",14,3,1,3,57,2,2,1,4,7,3,2,2,1,6,3,2,1,3,3,4,3,5,2,2,5,4,0,10
"769",12,2,1,4,60,3,2,4,6,7,6,7,1,2,1,4,3,3,2,2,2,1,3,3,1,1,2,0,2
"770",18,3,1,1,68,2,2,1,3,4,3,3,2,2,5,1,1,1,2,2,2,2,2,2,2,4,3,2,4
"771",14,3,1,2,45,0,1,4,3,2,2,6,2,2,6,1,1,1,1,1,1,1,4,1,1,1,3,5,5
"772",12,1,1,5,28,3,2,1,2,5,6,5,1,3,6,2,2,2,3,2,1,2,3,2,2,1,3,5,5
"773",16,2,1,3,53,2,1,4,5,7,5,7,1,1,3,1,1,1,3,1,1,1,5,5,1,5,5,0,5
"774",16,2,1,4,35,3,2,4,7,3,2,7,2,1,2,1,1,1,1,1,3,1,3,3,3,3,3,0,0
"775",18,3,1,1,48,0,2,4,4,4,2,2,1,1,5,1,2,1,2,1,1,2,5,3,3,4,4,3,2
"776",13,1,2,5,43,1,2,4,1,2,4,5,2,5,6,1,1,1,2,1,2,2,3,2,2,4,4,7,6
"777",14,3,7,1,29,2,2,2,1,2,4,6,1,5,2,1,1,1,1,1,1,1,5,2,2,4,5,3,0
"778",17,3,3,1,48,3,2,2,3,7,5,4,2,2,2,1,1,2,2,3,3,2,5,3,2,3,3,4,5
"779",13,1,2,5,23,0,1,5,6,6,6,1,1,3,6,1,1,1,1,1,1,1,1,1,1,1,3,5,0
"780",14,2,1,4,48,8,2,4,3,7,5,6,1,1,5,1,1,1,2,1,1,1,2,1,1,3,3,5,5
"781",12,2,1,3,27,0,1,4,3,3,5,6,1,1,3,1,1,1,1,1,1,1,1,1,1,3,3,5,0
"782",14,2,1,3,65,2,2,1,5,7,5,5,2,5,1,2,2,1,3,1,4,1,5,4,2,4,4,1,2
"783",16,2,1,3,63,3,2,1,1,7,1,7,2,1,5,2,2,1,3,1,2,2,2,2,3,3,2,2,6
"784",16,2,5,2,72,2,1,1,1,2,7,7,1,5,2,2,2,1,3,2,2,2,5,2,5,4,4,1,5
"785",11,1,1,5,34,4,1,4,2,2,2,2,1,1,6,1,1,1,2,1,3,1,1,2,1,3,3,5,5
"786",14,3,1,1,19,6,1,9,4,7,6,7,2,1,4,1,1,1,1,1,1,1,2,1,2,5,2,5,8
"787",12,2,1,5,33,2,2,4,2,7,1,7,1,3,5,1,1,1,1,1,1,1,1,1,1,1,1,2,3
"788",14,2,4,5,25,0,1,1,5,6,5,7,1,2,3,2,3,2,3,2,4,2,4,1,1,1,3,5,5
"789",14,2,1,1,51,1,2,1,3,5,5,5,2,2,4,3,2,2,2,4,3,3,5,5,3,5,4,0,6
"790",14,3,5,3,75,2,1,1,3,6,5,5,5,5,6,3,2,2,4,1,4,2,5,1,2,4,5,4,6
"791",14,2,5,2,74,2,1,2,3,2,5,4,4,5,6,4,3,4,5,3,3,3,5,4,3,4,4,3,5
"792",15,2,1,5,41,0,1,4,5,7,3,7,1,1,6,1,1,1,1,1,3,1,4,1,1,5,2,1,6
"793",12,2,5,2,68,5,2,2,3,6,5,3,1,5,4,2,2,3,2,1,2,1,5,3,2,5,5,0,7
"794",12,2,2,1,60,3,1,1,3,4,4,4,2,5,2,3,2,2,4,2,4,2,5,5,4,5,3,2,9
"795",16,2,5,3,73,2,2,1,5,6,5,5,2,5,6,3,2,2,4,2,3,2,2,4,3,3,3,3,1
"796",12,3,7,1,55,2,2,1,2,3,5,6,2,5,3,3,2,2,3,2,3,3,4,5,1,4,2,5,8
"797",14,3,7,1,68,2,2,1,4,3,3,4,2,5,2,2,2,1,3,3,5,2,5,3,3,5,5,5,7
"798",20,3,1,1,42,5,1,1,4,2,5,7,1,1,4,2,2,2,3,3,4,1,5,3,1,5,5,4,7
"799",8,1,5,3,63,3,1,1,7,2,4,6,5,5,4,3,3,3,5,5,3,3,5,3,5,5,2,0,0
"800",12,2,1,5,26,1,2,1,1,7,3,5,1,2,6,1,1,3,1,1,2,2,5,1,2,5,5,0,7
"801",14,2,1,1,40,2,2,2,2,4,2,3,1,1,3,5,2,2,2,1,2,1,5,1,1,5,5,0,3
"802",12,3,1,1,67,1,1,1,4,1,3,3,2,2,2,3,3,2,3,1,2,2,5,3,3,3,4,5,6
"803",20,3,5,1,82,5,1,2,4,4,4,5,1,5,5,1,1,1,1,1,3,1,3,3,1,3,4,3,8
"804",19,4,2,1,54,2,1,1,2,3,5,4,2,3,6,1,1,1,1,2,1,1,5,1,1,3,4,7,7
"805",16,3,1,1,74,0,1,4,5,5,6,6,2,2,6,3,3,2,3,4,4,3,5,3,3,5,5,1,5
"806",10,3,4,5,32,0,2,4,1,4,2,5,1,5,1,2,2,2,3,1,4,1,5,1,3,4,1,0,0
"807",18,4,5,1,78,2,1,1,3,3,3,2,2,4,3,1,1,1,1,1,1,1,5,3,2,3,2,5,5
"808",12,2,1,5,27,0,1,4,3,3,2,5,2,4,4,1,1,1,2,2,4,1,2,2,2,3,4,0,3
"809",10,2,8,3,65,1,1,1,1,7,4,7,6,5,6,1,1,1,1,4,5,5,5,5,1,2,4,10,0
"810",16,1,7,1,33,0,2,2,7,5,5,7,1,1,6,1,1,1,2,1,3,1,1,1,2,2,4,6,9
"811",12,2,5,5,63,0,1,1,3,5,4,5,2,4,3,2,2,3,3,3,5,3,5,3,4,5,4,2,3
"812",13,3,5,1,71,0,2,1,4,6,3,7,2,5,6,2,2,1,2,3,3,2,5,5,3,2,4,5,8
"813",12,2,1,1,55,2,1,1,1,6,3,3,1,1,6,1,1,1,1,1,1,1,1,1,1,3,2,3,4
"814",16,2,1,2,43,0,1,1,2,7,7,2,1,3,3,1,2,3,2,1,1,1,2,3,2,1,2,5,5
"815",12,2,3,3,49,1,1,1,2,3,5,7,2,2,5,3,2,3,3,1,3,2,3,2,3,4,4,0,1
"816",16,4,1,5,28,0,1,2,5,6,4,4,2,2,2,1,1,1,1,1,4,1,5,2,2,5,2,0,10
"817",17,3,1,2,76,3,1,2,3,5,5,5,1,1,6,1,1,1,1,1,1,1,4,1,1,4,1,1,4
"818",14,4,2,1,67,3,2,1,4,2,4,2,2,5,6,1,1,1,2,2,2,1,3,2,1,4,5,5,7
"819",12,3,1,1,23,0,1,2,3,7,3,4,2,4,5,1,1,1,2,1,1,1,1,1,1,3,4,0,5
"820",16,3,1,5,47,1,2,1,2,7,6,7,2,2,6,1,1,2,1,3,5,1,5,2,2,4,3,3,6
"821",12,1,8,3,44,3,2,1,1,5,5,5,2,5,5,3,2,4,4,3,3,3,3,2,2,2,3,0,0
"822",13,2,2,5,29,2,2,1,2,7,4,5,2,2,2,1,2,1,2,1,2,2,5,2,2,4,4,0,0
"823",12,3,1,5,45,2,1,1,6,7,7,7,2,5,6,3,3,3,1,1,3,1,5,1,1,2,4,0,0
"824",16,3,2,1,58,2,1,1,2,4,2,7,1,1,6,1,1,1,1,1,2,1,5,5,2,4,2,0,0
"825",18,2,1,5,29,0,1,11,6,5,3,3,1,1,2,2,2,2,3,1,1,2,5,2,2,4,4,1,2
"826",14,2,1,1,42,2,1,1,5,6,3,6,1,1,6,1,2,3,4,2,4,1,1,2,1,2,2,2,0
"827",17,3,1,5,27,0,1,4,5,6,3,4,1,1,4,2,2,2,2,2,3,2,4,2,2,4,4,2,3
"828",14,2,2,5,35,1,2,2,1,7,5,7,4,4,3,2,4,3,3,2,3,2,5,3,3,4,4,0,3
"829",13,2,1,1,50,0,1,1,1,3,4,6,2,3,4,2,2,2,3,4,5,2,4,3,5,4,4,2,5
"830",12,1,8,2,54,1,2,4,1,1,7,7,1,1,6,1,1,1,1,1,1,1,1,1,5,3,1,8,7
"831",20,3,1,3,52,3,2,1,2,5,5,7,1,1,3,1,1,2,3,1,3,1,4,2,1,4,4,3,7
"832",16,3,1,1,48,3,1,1,4,7,6,6,2,1,3,1,1,1,1,1,1,1,1,2,2,3,5,5,4
"833",12,1,1,5,22,0,2,4,2,6,2,7,2,2,5,1,1,1,1,1,1,1,4,2,2,4,4,5,5
"834",18,3,1,3,43,2,1,1,3,5,5,4,1,1,5,1,1,1,1,1,2,1,4,2,2,4,5,4,8
"835",18,2,3,5,26,0,2,1,2,1,1,2,1,2,2,2,2,2,2,2,2,2,3,2,2,3,3,6,3
"836",16,3,1,3,48,2,1,1,4,4,3,3,1,1,3,1,1,1,1,1,3,1,5,2,2,4,4,4,6
"837",14,3,1,1,39,2,2,1,3,7,4,5,1,1,4,1,1,1,2,1,1,1,5,2,1,3,4,0,2
"838",14,3,2,1,64,1,1,1,4,6,3,4,1,1,4,1,1,2,2,1,3,1,4,3,3,5,5,0,2
"839",19,2,1,5,34,0,2,2,5,6,4,5,2,2,3,1,1,1,1,1,5,1,5,2,1,3,3,2,4
"840",18,2,1,1,56,4,2,1,4,7,6,7,2,1,6,2,1,1,2,3,4,1,5,3,2,4,5,2,3
"841",12,2,5,3,56,0,1,2,2,3,3,7,6,4,6,3,3,4,5,4,4,4,5,4,4,4,4,0,1
"842",12,3,5,5,71,3,2,1,1,7,4,7,2,5,6,3,3,3,3,3,5,3,1,1,5,5,4,0,0
"843",14,3,5,1,67,4,2,2,3,5,5,7,2,5,2,2,1,1,2,3,3,3,4,4,3,4,5,2,5
"844",12,2,6,5,18,0,2,1,3,7,3,7,2,1,3,2,2,1,1,1,3,1,4,3,1,4,5,5,4
"845",14,3,1,5,49,1,2,4,2,2,2,5,1,1,6,1,1,1,1,1,1,1,2,1,1,2,4,6,5
"846",13,1,1,5,23,1,2,10,3,4,3,4,1,2,6,3,3,3,3,1,1,1,5,1,1,4,4,0,0
"847",16,2,7,1,71,0,2,2,3,4,4,2,1,3,6,2,2,2,2,1,1,1,2,3,1,5,5,1,4
"848",11,3,5,4,62,4,1,1,7,7,7,7,1,3,1,3,2,2,4,4,5,2,5,4,4,3,5,0,0
"849",16,3,7,4,32,0,2,4,2,7,7,7,1,1,5,1,1,1,1,2,4,2,5,3,2,1,3,2,0
"850",18,1,1,5,46,0,2,1,6,7,5,5,1,1,5,1,1,1,1,2,2,1,3,4,2,3,3,3,5
"851",16,2,5,3,72,1,2,1,6,6,6,7,5,5,4,3,1,1,5,2,3,2,5,4,5,5,5,0,4
"852",11,1,4,5,66,2,2,1,2,7,7,7,6,5,5,5,5,5,5,5,5,4,5,5,3,5,5,0,0
"853",18,3,5,5,50,0,2,4,5,5,6,5,1,1,2,2,2,1,2,3,3,3,5,3,2,2,4,4,0
"854",12,2,1,5,19,0,2,4,4,7,2,3,2,3,3,1,2,1,2,1,4,2,4,1,3,2,1,3,3
"855",18,3,5,5,76,0,1,2,7,7,6,4,1,1,6,3,3,1,3,2,4,2,5,1,1,5,1,5,3
"856",12,2,1,5,33,0,1,2,2,7,2,7,1,1,5,1,1,1,1,1,3,1,3,1,1,4,2,0,5
"857",12,1,7,5,30,2,2,1,5,4,3,6,1,2,6,2,1,2,2,3,1,1,4,1,1,4,2,1,0
"858",16,2,7,1,29,1,2,2,6,7,7,7,2,1,1,1,1,2,2,1,1,1,4,4,2,3,2,5,5
"859",13,2,1,1,37,4,2,1,4,6,4,6,1,1,3,2,2,2,2,2,3,3,4,3,3,3,3,2,2
"860",16,3,1,5,25,0,1,4,5,3,4,5,1,1,6,1,1,1,1,3,5,1,4,1,1,5,5,5,5
"861",12,2,5,3,81,0,1,2,5,7,6,7,2,5,4,1,1,2,2,2,2,2,5,3,3,4,3,2,0
"862",12,1,1,5,45,0,1,1,4,5,6,6,1,2,5,2,2,1,2,3,3,3,4,3,2,4,3,0,3
"863",12,2,1,1,36,3,1,1,4,7,5,6,1,2,3,1,1,1,1,1,3,1,5,2,2,3,4,3,3
"864",14,1,5,3,66,4,1,1,5,7,2,7,2,5,5,2,1,3,5,1,5,1,5,2,4,5,4,8,10
"865",13,3,1,1,43,1,2,1,4,6,5,5,1,1,5,2,1,1,2,2,3,2,5,3,2,4,4,2,0
"866",14,2,1,5,26,0,1,1,3,7,5,5,2,2,6,2,1,1,1,2,2,1,3,1,2,4,4,2,3
"867",14,2,1,3,61,1,2,1,5,7,4,5,2,3,6,1,1,1,2,2,3,3,5,3,3,2,3,0,0
"868",12,2,2,1,48,6,2,9,2,4,5,7,1,4,6,4,2,4,5,1,3,4,5,5,5,5,4,1,4
"869",14,3,1,1,62,2,2,11,2,2,2,2,2,1,6,1,1,1,1,1,2,2,4,2,2,4,4,5,6
"870",16,3,5,2,83,2,2,3,3,7,3,7,2,5,6,2,2,2,4,3,4,3,5,4,3,4,4,5,7
"871",20,3,1,1,43,3,2,1,1,6,4,7,1,1,2,1,1,1,1,1,1,1,4,1,1,4,4,8,7
"872",16,4,1,1,47,2,1,4,5,7,5,6,1,1,6,1,1,2,1,1,1,1,1,1,1,1,3,0,6
"873",14,2,1,5,48,7,2,1,2,4,3,6,1,2,5,1,1,1,1,1,1,1,4,1,1,5,3,0,2
"874",12,2,1,5,39,4,2,1,3,4,3,5,1,1,4,1,1,1,1,1,2,1,1,1,2,4,3,0,0
"875",10,1,3,5,54,6,1,4,2,2,3,7,2,5,1,1,2,4,4,1,5,2,2,2,2,4,1,0,0
"876",13,2,2,5,45,5,2,1,7,1,1,5,3,2,4,3,3,3,2,1,4,1,3,4,2,3,2,0,4
"877",14,3,5,2,67,4,2,1,4,4,4,4,2,4,6,3,2,2,3,2,3,3,5,4,4,4,4,0,2
"878",14,2,1,5,46,0,2,1,4,7,6,6,1,2,6,1,1,1,1,1,1,1,4,1,1,3,3,2,1
"879",12,3,5,3,59,4,1,4,6,5,7,7,4,5,6,3,4,3,4,4,3,3,5,4,4,5,4,0,0
"880",14,3,6,5,21,0,1,4,3,3,3,7,1,2,3,1,1,2,2,2,4,2,4,2,4,4,4,3,10
"881",16,3,1,1,64,4,1,4,2,7,7,7,2,4,6,2,1,1,3,1,3,3,5,3,5,4,5,0,5
"882",13,2,1,5,41,0,1,4,6,7,7,7,2,2,6,2,2,2,2,2,3,2,4,3,3,4,4,1,7
"883",12,2,1,3,58,3,2,4,3,5,3,3,1,1,5,1,2,1,2,2,2,1,2,2,1,4,5,2,6
"884",13,2,1,1,63,0,2,4,2,7,2,3,1,1,6,2,2,2,2,3,5,2,5,2,2,4,4,3,5
"885",11,1,4,3,42,2,1,1,2,7,4,7,2,5,1,1,2,1,3,1,5,1,2,2,5,3,4,0,0
"886",12,2,1,5,45,0,2,4,1,7,3,6,1,2,6,1,1,3,4,2,2,2,5,3,1,5,4,3,7
"887",15,2,1,5,43,1,1,4,5,7,3,5,2,3,4,1,1,2,2,1,3,1,3,1,1,3,3,5,5
"888",16,3,5,3,65,3,1,2,5,5,6,5,2,6,6,2,2,1,3,3,3,3,5,4,3,4,4,5,6
"889",12,3,1,3,41,3,2,4,2,2,3,6,1,1,6,1,1,2,1,1,2,1,1,1,2,5,4,4,3
"890",14,2,5,2,68,0,2,1,5,5,3,7,1,3,3,2,1,1,1,1,2,1,5,1,1,1,1,3,0
"891",14,2,6,5,22,0,2,4,5,3,5,5,1,1,6,1,2,1,2,2,2,2,4,1,2,3,3,5,5
"892",14,2,1,5,21,0,2,1,2,2,3,7,1,1,3,1,1,1,2,3,1,2,5,2,2,4,3,4,0
"893",12,3,5,3,68,3,1,1,5,7,5,2,3,4,2,3,2,2,3,2,2,3,4,5,4,4,4,3,2
"894",12,3,5,1,77,2,2,1,3,5,4,7,3,5,6,2,2,2,3,3,4,1,5,4,3,4,5,3,7
"895",12,2,1,1,48,1,1,4,5,5,7,6,2,2,6,1,1,2,2,2,2,1,5,3,1,3,3,7,5
"896",14,3,2,5,33,0,2,1,3,6,6,7,2,2,6,1,1,1,2,3,4,2,3,2,3,2,3,7,7
"897",12,3,1,1,44,5,1,1,1,2,2,7,2,2,1,1,1,1,1,1,4,1,5,1,2,5,5,3,8
"898",16,3,5,3,68,4,2,1,5,7,7,7,2,5,1,3,3,1,5,2,5,2,3,1,2,5,5,5,8
"899",13,2,5,1,67,2,1,2,3,6,3,5,2,5,5,3,1,3,4,5,5,2,5,3,3,4,4,0,4
"900",16,3,5,2,73,3,2,1,3,6,4,7,1,2,2,1,2,1,2,5,4,2,5,5,5,4,5,1,5
"901",15,2,6,5,24,0,1,4,2,7,4,4,1,2,5,1,2,3,2,1,4,1,1,1,3,3,3,5,2
"902",13,2,1,3,53,1,2,4,6,7,4,7,1,1,6,1,1,1,4,1,1,1,5,2,2,1,4,5,7
"903",16,3,1,1,36,2,2,1,3,5,6,5,1,1,6,2,2,1,2,2,4,2,2,3,2,1,5,1,3
"904",17,2,1,5,32,0,1,1,4,5,5,3,1,1,2,1,1,1,2,3,4,1,4,2,2,5,5,3,8
"905",12,1,4,5,24,3,2,4,2,7,3,6,2,3,2,2,2,3,4,2,5,3,4,3,4,4,4,1,2
"906",0,1,1,2,30,0,1,4,2,7,5,7,2,3,6,2,2,1,2,3,4,1,4,2,1,3,2,7,7
"907",16,2,1,1,41,1,2,13,3,7,4,5,2,1,5,1,1,1,2,2,4,2,4,2,2,5,5,2,7
"908",12,2,3,5,31,0,1,4,5,6,5,6,2,3,1,1,1,1,2,3,4,1,5,2,1,3,2,1,5
"909",15,2,1,5,43,0,1,4,2,3,3,5,1,1,6,1,1,1,1,1,5,2,1,2,3,3,2,4,4
"910",16,3,1,5,25,0,1,1,3,2,3,4,1,1,2,1,1,1,1,1,4,1,2,2,2,4,4,0,4
"911",12,2,4,5,31,1,1,11,6,7,6,7,2,3,6,1,1,1,2,1,2,1,4,3,3,4,4,4,6
"912",16,3,2,1,63,1,2,1,3,3,3,7,2,2,2,1,1,1,1,3,3,2,3,3,3,5,5,4,3
"913",16,3,1,1,74,2,1,1,4,3,5,5,2,1,2,2,2,2,3,2,3,1,4,3,2,4,5,5,8
"914",18,3,1,3,49,3,1,4,3,4,3,3,1,1,3,1,1,1,2,1,3,1,4,1,1,3,2,7,6
"915",20,3,2,1,58,2,2,1,1,5,3,2,1,2,2,2,2,1,3,3,3,2,5,3,1,5,5,5,8
"916",14,2,1,1,35,3,2,1,4,4,6,7,1,1,3,2,2,2,3,3,3,2,5,5,3,5,5,0,5
"917",12,3,2,1,70,3,2,1,5,2,5,7,2,3,4,2,2,1,3,3,3,2,2,4,2,5,3,1,5
"918",12,1,5,1,69,2,1,1,3,6,6,7,1,5,1,3,3,3,4,5,3,2,5,3,2,3,3,0,0
"919",11,2,1,3,36,4,2,1,1,7,4,3,1,3,6,2,1,1,2,1,2,2,5,1,1,5,4,2,1
"920",20,3,3,5,57,0,2,1,5,5,4,7,1,1,6,1,1,1,2,1,3,3,3,3,2,4,4,5,7
"921",16,3,1,1,60,2,1,1,5,7,6,7,1,2,5,1,1,3,1,4,3,2,5,2,2,5,3,2,5
"922",14,3,5,2,75,2,2,2,2,2,5,7,2,5,5,2,2,2,3,4,5,2,2,5,3,4,4,2,8
"923",16,3,5,1,70,1,1,1,5,6,5,6,2,5,5,2,2,2,3,2,3,2,5,3,3,3,3,1,5
"924",16,3,1,1,32,0,1,1,4,3,2,4,2,2,5,1,1,1,2,1,4,1,4,1,2,5,3,3,4
"925",18,3,5,3,71,0,1,5,7,7,7,7,3,5,2,1,1,1,3,3,5,1,5,3,2,4,5,2,2
"926",14,1,1,4,32,3,2,4,5,6,2,7,1,1,5,2,1,1,1,1,1,1,5,1,1,4,2,2,0
"927",16,2,1,3,28,0,1,1,4,6,5,7,2,2,3,1,1,2,2,2,3,1,3,2,2,4,2,1,1
"928",10,2,1,1,56,0,1,1,2,2,5,7,2,4,2,2,3,5,5,4,5,3,5,4,5,5,5,0,0
"929",7,3,5,4,67,2,1,2,4,2,5,6,1,5,4,3,2,4,4,3,5,1,1,1,1,4,4,7,2
"930",14,2,1,5,44,4,2,2,7,2,7,7,1,1,5,2,2,2,3,2,5,1,5,5,2,5,4,0,1
"931",16,3,1,1,25,1,1,1,4,7,6,4,1,1,1,1,1,1,1,4,4,2,3,3,3,4,4,4,8
"932",11,2,2,5,22,1,1,1,5,6,4,7,1,2,4,1,1,1,1,1,2,1,1,1,1,3,3,5,5
"933",14,2,7,5,25,1,2,1,2,4,3,7,1,6,2,1,1,1,1,1,1,3,2,1,2,4,2,3,3
"934",15,2,1,1,29,3,2,2,4,2,4,7,2,2,5,1,1,1,2,1,1,2,4,2,3,4,4,1,2
"935",12,2,2,5,19,0,1,4,5,2,2,7,2,2,6,1,3,2,2,1,2,2,1,3,2,4,4,0,4
"936",10,1,8,5,46,4,2,2,2,1,7,7,3,6,6,3,5,5,3,5,5,3,3,3,3,5,5,0,0
"937",12,2,1,3,57,3,2,1,3,7,7,7,2,2,5,1,1,1,2,2,3,1,5,3,3,3,2,1,8
"938",16,3,5,1,63,3,1,2,1,3,4,3,2,2,2,2,2,2,4,3,3,2,5,3,3,4,4,5,5
"939",16,2,1,5,39,0,1,4,7,6,5,5,1,1,4,1,1,1,2,1,1,1,4,1,1,2,2,2,3
"940",12,2,1,1,27,0,1,9,1,6,7,7,1,1,1,3,3,3,3,2,4,1,4,3,1,5,5,9,8
"941",13,3,1,1,46,2,1,1,1,7,2,5,1,3,1,1,1,3,2,1,3,1,3,1,1,4,5,0,5
"942",14,3,1,1,48,2,1,1,4,5,3,4,1,2,2,1,2,2,2,2,2,2,4,3,3,4,4,3,6
"943",15,3,1,1,45,3,1,1,2,6,5,6,6,4,5,1,1,1,1,1,1,1,2,1,1,1,3,4,5
"944",12,2,2,5,22,0,1,1,2,4,3,4,1,1,2,1,1,1,1,1,1,1,1,1,1,2,4,1,1
"945",12,1,1,1,30,5,1,4,6,7,6,5,1,3,4,2,2,2,2,2,3,3,1,2,3,3,3,0,5
"946",13,3,5,2,69,2,1,4,5,5,5,7,1,5,2,2,2,2,2,2,2,2,5,2,2,4,2,2,5
"947",12,3,5,4,61,0,1,1,4,4,4,7,2,2,5,1,1,1,2,3,3,1,3,2,3,2,4,5,3
"948",12,3,4,5,20,0,2,1,6,2,3,7,1,2,5,3,1,3,3,1,2,2,4,2,1,5,5,0,1
"949",16,2,1,5,29,0,2,13,5,5,4,7,2,3,2,1,2,5,3,3,4,3,5,3,1,5,5,2,0
"950",13,1,6,3,55,4,2,1,5,6,6,7,2,1,6,1,1,1,1,1,1,1,1,1,1,5,5,1,0
"951",12,2,1,5,38,5,2,1,6,4,7,4,1,2,6,2,2,1,2,2,3,2,4,1,3,5,2,4,4
"952",13,3,5,3,61,4,1,1,2,5,3,2,3,5,6,2,2,1,1,2,2,2,5,5,2,5,5,2,7
"953",14,3,7,5,39,0,2,4,5,5,5,7,2,1,2,1,1,1,1,2,3,1,5,1,1,5,5,0,0
"954",12,1,2,5,55,2,2,2,4,6,3,7,3,1,6,3,3,3,4,2,4,3,5,4,4,5,5,5,2
"955",12,1,1,5,23,0,1,1,2,2,3,6,2,5,3,1,1,1,2,1,3,1,1,1,1,4,4,0,5
"956",12,2,7,5,36,2,2,2,5,3,3,6,1,5,3,1,1,1,2,2,2,2,2,2,2,4,2,3,7
"957",16,3,7,1,42,8,2,1,5,6,5,6,1,1,6,2,2,2,2,2,4,2,4,4,1,4,4,1,5
"958",12,3,5,1,67,2,2,1,5,7,5,7,1,1,6,2,2,3,2,1,1,1,3,3,2,3,3,0,2
"959",13,3,5,1,84,4,2,1,3,3,5,7,1,6,6,2,2,1,2,2,3,2,4,2,2,5,4,1,8
"960",15,2,3,1,61,3,2,1,6,6,6,7,1,3,2,1,2,2,2,3,3,1,4,4,1,3,2,2,3
"961",11,3,5,1,77,3,2,1,6,3,3,7,5,6,6,2,3,2,5,3,3,4,3,1,4,5,5,0,8
"962",16,2,2,1,38,4,2,1,5,5,5,7,2,1,3,1,1,2,2,3,3,2,5,3,1,4,3,5,5
"963",12,2,7,1,31,3,2,1,1,5,6,7,1,5,1,2,2,1,2,3,4,1,5,2,1,3,5,0,6
"964",18,3,6,5,37,0,1,1,2,7,4,7,1,2,2,1,1,1,1,2,4,1,4,2,3,4,4,3,4
"965",16,1,5,2,76,2,2,1,7,4,7,7,2,6,6,3,2,1,4,1,3,3,5,3,5,3,5,3,1
"966",14,2,1,1,65,1,1,4,2,7,4,7,2,4,6,3,3,3,4,4,4,3,4,2,2,2,4,4,6
"967",14,3,1,1,34,0,1,4,3,7,3,3,1,1,6,1,1,1,1,1,1,1,5,1,1,4,4,0,3
"968",11,2,1,5,38,4,1,2,5,7,4,4,2,2,3,2,2,1,1,2,3,3,2,1,2,4,4,0,3
"969",17,2,1,5,54,0,2,1,3,4,7,7,1,1,6,1,1,1,1,1,1,1,1,1,1,5,4,4,7
"970",16,3,5,3,60,2,2,4,4,1,2,3,1,1,4,1,1,1,2,1,1,1,4,1,1,5,1,5,3
"971",12,3,2,1,35,2,2,2,3,6,6,7,1,1,3,2,1,2,2,1,4,1,5,3,3,4,4,5,10
"972",14,2,1,3,67,3,2,4,4,7,6,6,1,1,3,1,1,1,1,1,1,1,5,3,1,2,2,0,0
"973",10,3,1,5,34,4,2,2,1,7,5,7,1,1,3,1,1,3,2,1,4,2,5,1,1,1,2,2,2
"974",16,3,1,1,52,2,2,4,2,5,3,3,1,1,6,1,1,1,1,1,3,1,4,3,2,3,4,4,6
"975",16,2,2,5,44,1,2,4,5,7,3,3,1,4,2,1,1,1,2,2,4,1,5,1,2,5,4,4,6
"976",20,3,2,1,74,0,2,1,2,3,3,5,2,3,6,2,2,2,2,2,4,2,5,5,2,5,5,3,6
"977",20,4,1,3,43,2,2,1,1,6,4,4,1,1,6,1,2,2,4,3,5,1,5,2,2,3,5,2,3
"978",13,2,1,5,60,3,2,1,2,7,7,7,1,1,6,3,3,1,2,2,2,1,5,1,1,4,2,0,0
"979",12,3,5,1,70,3,2,1,2,7,3,7,2,5,5,4,4,3,5,1,2,1,1,3,4,4,4,2,6
"980",16,2,1,3,49,2,1,1,2,2,2,2,2,2,2,2,2,2,2,3,3,2,5,2,2,4,4,5,8
"981",14,2,4,5,49,0,2,4,5,4,7,5,2,3,4,3,2,2,2,2,4,2,5,2,2,5,2,2,7
"982",12,2,4,1,27,0,2,4,6,7,2,4,1,2,3,1,1,1,2,1,3,1,2,1,2,3,4,0,2
"983",16,3,5,3,69,2,2,1,2,2,5,6,2,5,6,2,1,2,3,1,3,2,5,1,3,5,4,5,5
"984",18,4,2,1,63,2,1,1,5,4,3,1,2,5,6,1,1,1,3,2,2,2,5,4,2,4,2,2,7
"985",14,3,2,1,41,4,2,1,4,4,3,5,2,1,1,1,1,2,3,1,2,1,1,1,1,4,4,6,3
"986",16,2,1,3,44,3,2,4,3,7,5,6,1,1,2,1,1,1,1,1,5,1,5,1,1,2,4,2,5
"987",16,3,1,3,41,1,1,4,5,6,4,3,1,1,3,1,1,1,2,1,4,1,5,2,1,4,4,3,7
"988",16,3,1,1,51,0,1,4,1,7,7,5,1,1,3,2,1,1,1,1,5,2,2,5,3,4,4,2,7
"989",20,4,1,5,37,0,1,2,4,6,3,4,2,2,5,1,1,2,2,2,3,1,4,2,2,4,5,3,7
"990",14,3,5,1,65,2,2,1,1,2,3,5,2,1,2,2,2,2,3,1,3,1,3,4,3,4,5,2,3
"991",12,2,5,3,70,1,1,1,7,7,7,7,3,5,1,2,2,1,4,3,4,2,5,3,2,4,4,5,5
"992",17,2,5,1,67,2,1,4,2,7,3,6,2,5,2,4,3,2,4,3,2,2,4,3,2,4,4,6,6
"993",18,3,7,1,35,1,2,11,2,3,4,5,2,3,3,3,3,1,1,1,3,2,4,2,2,4,4,3,6
"994",15,3,1,3,55,3,1,11,5,1,1,5,1,1,6,2,2,5,2,4,5,2,5,1,2,5,4,0,0
"995",16,3,7,1,37,3,2,1,2,4,3,7,1,1,4,1,1,1,1,1,5,1,4,3,1,4,5,2,5
"996",17,2,7,1,43,2,2,4,5,5,4,4,2,3,5,1,1,1,1,1,1,1,4,4,3,3,4,5,7
"997",12,2,1,1,28,0,2,4,5,7,4,7,3,1,5,1,1,1,1,1,3,1,3,1,1,3,3,7,5
"998",16,3,1,1,28,0,2,1,5,7,4,7,1,1,4,1,1,1,1,3,4,2,3,1,2,5,4,5,6
"999",13,3,2,1,59,1,1,1,5,7,2,2,2,1,6,2,2,1,2,1,3,1,2,2,3,4,5,0,0
"1000",14,1,7,5,38,3,2,2,7,2,3,7,1,1,6,1,1,1,3,1,3,1,3,2,1,2,4,4,4
"1001",5,3,1,1,43,0,1,4,4,7,3,5,1,1,4,1,1,1,1,1,3,1,3,2,2,3,2,3,3
"1002",12,2,7,2,64,5,2,1,2,3,2,3,4,5,3,4,4,4,5,2,3,3,2,3,3,5,5,0,7
"1003",12,3,1,5,38,1,2,1,3,4,5,5,1,1,2,1,1,1,1,1,3,2,5,1,1,5,4,2,2
"1004",18,3,2,1,37,3,2,1,2,2,4,5,1,1,2,1,1,1,1,1,3,2,5,2,2,4,4,0,6
"1005",18,2,4,3,52,3,2,1,6,7,5,5,1,1,3,1,1,1,1,2,2,1,2,4,1,5,5,1,7
"1006",16,2,1,1,63,2,1,1,6,4,6,7,4,1,2,4,3,3,5,3,5,2,3,5,5,5,5,2,7
"1007",14,3,6,5,19,0,2,4,1,7,3,7,2,1,2,1,1,1,2,1,4,2,4,1,2,4,2,10,3
"1008",16,3,5,5,75,0,1,4,7,2,3,2,2,5,6,2,1,3,3,2,4,1,5,5,4,4,4,2,7
"1009",18,2,1,1,40,3,2,1,2,6,5,6,1,1,3,1,1,2,2,1,3,1,4,4,2,2,4,3,3
"1010",14,3,5,1,79,2,1,1,2,2,5,2,2,2,1,3,4,1,4,1,4,3,5,5,2,3,5,1,5
"1011",13,3,8,2,66,0,2,1,7,7,6,6,1,5,6,1,1,1,1,1,3,3,1,1,1,4,4,0,0
"1012",16,1,5,3,39,1,2,4,4,4,6,4,1,5,3,1,1,1,2,2,2,2,2,2,2,2,3,0,0
"1013",12,3,5,1,71,1,2,4,5,5,5,7,1,5,6,1,1,1,2,2,2,1,5,3,1,3,2,0,0
"1014",16,3,5,1,58,0,1,4,5,6,5,4,1,1,6,1,1,1,1,1,4,1,5,3,1,4,4,2,2
"1015",16,2,1,5,57,0,1,2,3,3,2,1,2,1,6,2,2,3,2,2,2,2,5,4,3,3,5,3,2
"1016",12,1,8,5,25,0,1,4,1,1,1,5,1,5,2,1,1,1,2,3,3,1,1,3,2,2,4,5,5
"1017",18,3,5,3,73,0,1,1,6,2,2,7,1,1,2,2,2,1,4,3,5,1,1,5,5,4,5,0,2
"1018",13,2,1,1,49,2,1,11,5,6,6,7,2,2,3,1,1,3,2,3,3,1,2,2,2,3,3,0,3
"1019",10,2,1,1,26,1,1,5,2,7,5,7,1,3,6,1,2,1,2,3,5,2,1,1,2,4,5,7,0
"1020",11,1,7,2,61,3,2,1,1,1,3,7,1,5,6,2,2,4,3,1,1,1,1,1,1,5,3,0,2
"1021",12,1,7,1,31,4,2,1,1,2,2,7,1,3,6,1,1,1,1,1,1,2,1,1,2,2,1,5,6
"1022",12,1,1,5,42,2,1,4,1,3,4,6,3,4,3,3,3,3,4,2,4,3,2,2,3,4,2,0,5
"1023",11,2,1,5,55,0,1,1,4,4,2,7,1,3,6,1,1,2,2,3,3,2,4,1,3,2,2,0,7
"1024",16,2,2,1,64,3,2,4,3,2,3,6,2,3,3,1,1,3,2,2,3,2,2,4,4,4,5,5,4
"1025",6,2,1,1,43,2,2,1,1,7,5,7,2,3,4,1,2,2,2,2,3,2,1,2,2,2,2,6,7
"1026",6,1,8,3,59,3,2,6,2,7,3,7,2,5,2,1,1,1,1,2,2,2,3,2,2,3,3,6,5
"1027",14,1,5,2,77,0,2,5,7,7,7,7,1,6,3,1,1,2,1,1,2,1,3,3,2,4,4,2,4
"1028",13,1,8,4,61,3,2,1,1,7,2,7,1,6,1,3,1,1,5,1,2,1,5,1,2,5,1,0,0
"1029",14,3,1,3,56,3,2,1,4,7,2,7,1,1,2,2,2,1,3,2,3,3,5,3,2,3,3,3,5
"1030",12,2,7,3,55,1,2,1,3,7,4,3,1,5,3,1,1,1,4,1,1,1,5,2,1,5,5,0,3
"1031",18,2,1,1,37,2,1,1,3,6,6,5,1,1,2,1,1,1,1,1,3,1,4,2,2,5,5,1,5
"1032",12,3,1,1,56,1,2,1,3,3,1,3,3,1,1,1,1,1,1,1,5,1,4,1,1,5,1,4,5
"1033",16,4,1,1,51,2,1,1,3,3,3,3,2,2,2,2,2,2,2,2,2,2,3,2,2,4,3,5,9
"1034",14,2,1,1,35,0,1,1,2,4,5,7,2,4,3,3,2,3,4,3,4,2,5,5,2,4,4,5,6
"1035",16,3,1,5,35,2,2,1,2,5,3,4,1,1,3,1,1,1,1,1,3,1,5,2,2,5,5,2,5
"1036",16,3,5,1,75,4,1,3,2,4,2,4,5,5,2,3,3,2,2,1,5,2,5,5,3,4,5,0,5
"1037",12,2,1,1,60,2,1,13,2,7,7,7,3,4,6,4,4,4,5,5,5,5,5,5,5,3,5,0,5
"1038",16,2,1,5,37,0,1,11,3,5,6,4,1,1,6,1,1,1,1,1,2,1,3,3,1,5,5,0,0
"1039",17,2,1,3,43,2,2,4,1,6,5,6,1,1,5,1,1,1,2,2,2,1,4,1,2,3,1,2,0
"1040",12,2,1,1,39,2,1,2,1,7,7,5,1,1,5,1,1,1,1,1,1,1,4,1,1,3,4,0,0
"1041",13,4,1,1,35,3,1,4,5,5,5,4,2,2,2,1,1,1,1,1,1,1,1,1,1,2,4,5,5
"1042",19,3,1,1,35,0,1,1,2,3,3,5,1,1,6,1,1,1,3,1,1,1,5,2,1,4,5,1,7
"1043",12,1,8,3,61,2,1,4,6,1,7,7,2,5,6,4,3,1,4,5,3,1,5,3,3,5,4,0,4
"1044",14,2,5,3,69,2,2,1,3,4,3,7,2,1,4,2,2,2,2,1,3,1,5,3,1,5,3,2,8
"1045",19,2,1,5,57,0,2,2,3,5,5,7,1,1,6,1,1,1,1,1,1,1,4,4,1,3,4,1,6
"1046",14,2,1,1,70,0,1,1,5,4,5,7,2,2,6,3,3,2,3,3,3,2,4,3,5,4,4,5,5
"1047",15,3,1,1,46,3,2,1,7,7,7,6,1,1,6,1,1,1,1,1,4,1,5,4,1,5,5,0,0
"1048",9,3,8,1,52,4,1,1,3,5,5,7,1,1,3,1,1,1,2,2,2,1,3,3,2,2,4,3,4
"1049",15,2,7,1,24,1,2,1,3,1,4,6,2,3,5,3,3,3,3,3,3,2,5,2,1,4,3,1,0
"1050",12,2,1,1,82,2,2,1,3,7,7,7,2,2,1,4,3,1,5,5,4,3,5,5,5,4,5,0,6
"1051",12,3,5,5,82,0,2,1,3,7,4,7,2,5,6,1,1,2,3,3,5,2,5,4,3,5,3,3,6
"1052",11,1,4,5,55,0,1,4,7,3,3,7,1,1,6,1,2,1,2,1,3,1,3,1,3,1,1,5,0
"1053",15,2,8,3,58,4,1,1,6,6,6,5,1,1,6,2,2,2,2,3,3,2,1,1,1,5,3,0,4
"1054",13,3,5,1,75,2,2,2,6,3,4,4,1,2,2,3,2,2,3,3,3,2,2,3,4,4,4,5,5
"1055",17,3,2,3,54,0,1,4,5,4,4,6,2,2,6,2,1,1,2,2,4,1,4,2,2,4,4,2,7
"1056",15,3,1,1,29,1,2,1,2,2,3,4,1,1,2,1,1,1,1,1,2,1,5,2,2,3,4,2,5
"1057",14,3,1,1,48,2,2,1,3,3,5,2,1,1,2,1,1,1,2,3,3,1,5,2,2,4,4,5,5
"1058",16,3,1,5,25,0,1,2,5,7,3,3,1,2,2,1,1,1,1,1,1,1,3,1,1,4,2,2,7
"1059",15,3,5,3,62,1,1,1,5,4,5,7,1,1,2,2,1,2,4,2,2,2,5,5,2,4,4,5,7
"1060",15,2,1,3,47,1,1,4,4,7,3,7,1,2,5,1,1,1,1,3,3,1,1,1,1,3,3,2,3
"1061",12,3,5,1,74,3,2,2,3,3,5,3,5,5,6,1,1,1,1,1,1,1,4,3,1,5,2,0,5
"1062",12,2,5,1,83,2,2,4,3,5,5,5,1,5,6,2,2,2,4,3,4,2,5,4,3,4,4,5,5
"1063",16,1,8,5,63,0,1,2,5,1,2,7,2,5,6,3,3,4,4,4,5,1,5,1,2,4,4,7,4
"1064",14,3,1,1,50,1,2,2,2,7,6,6,1,1,6,3,3,2,5,2,4,2,5,2,2,5,4,0,10
"1065",12,2,1,5,36,0,1,1,2,2,4,5,2,2,2,2,1,1,3,3,3,1,5,2,3,4,5,5,6
"1066",9,2,1,5,42,0,1,4,4,5,5,5,4,5,1,3,3,3,3,3,3,3,5,3,3,3,4,2,7
"1067",14,3,2,1,51,2,2,2,2,5,5,2,2,1,3,2,2,1,3,3,2,2,5,4,3,3,4,2,0
"1068",11,3,7,1,76,2,2,1,1,5,5,7,1,5,6,1,1,1,3,1,1,1,3,1,1,4,4,2,5
"1069",12,2,5,5,66,0,1,4,2,2,2,7,2,5,6,3,2,3,5,3,4,3,4,4,4,4,4,2,5
"1070",12,2,1,3,53,4,1,4,5,7,3,7,2,1,5,1,1,1,2,1,3,2,1,2,3,4,5,0,0
"1071",14,2,1,5,50,2,1,1,3,7,4,7,1,1,6,2,2,2,2,2,2,2,3,5,3,4,4,1,6
"1072",12,2,1,3,38,2,2,1,2,4,6,6,1,1,3,2,2,3,4,3,2,1,5,1,1,4,4,0,0
"1073",17,3,1,1,40,0,2,4,3,6,3,3,1,1,2,1,1,1,1,1,3,1,5,2,1,5,4,0,9
"1074",16,2,7,1,37,2,2,1,1,3,2,5,2,4,1,2,1,2,2,3,3,2,4,2,2,4,4,6,6
"1075",11,1,5,2,68,2,2,1,2,5,5,7,2,5,2,2,2,2,2,3,4,2,2,3,3,3,3,4,5
"1076",14,1,7,3,44,1,2,4,2,7,6,7,1,5,2,1,1,1,3,1,1,1,5,1,1,4,1,0,0
"1077",14,2,1,5,27,2,2,4,4,7,4,7,1,1,6,1,1,1,1,1,5,1,3,1,2,4,4,0,0
"1078",13,3,1,4,40,2,1,4,1,2,6,7,1,1,6,1,2,1,1,1,2,2,1,2,5,4,4,0,0
"1079",14,3,1,1,45,2,2,11,1,2,2,4,1,1,6,1,1,1,1,1,1,1,3,1,1,3,1,1,0
"1080",16,2,1,5,48,3,1,1,3,7,3,5,4,2,2,2,2,2,1,2,3,3,5,2,2,4,2,2,1
"1081",16,2,1,5,36,2,2,1,4,7,6,7,2,2,5,1,1,2,2,2,3,2,4,3,3,4,4,3,3
"1082",14,2,1,5,47,2,2,1,2,2,2,4,1,1,4,1,1,1,2,2,2,2,4,5,2,2,2,3,5
"1083",14,3,5,5,60,4,2,4,5,7,7,7,2,2,2,3,4,4,4,4,5,3,4,2,3,5,2,0,0
"1084",12,1,5,3,62,0,1,1,4,7,7,7,5,5,5,4,4,4,4,4,5,4,4,4,5,5,5,0,0
"1085",20,3,1,5,47,1,1,4,4,2,2,5,1,1,2,1,1,1,1,1,3,1,5,5,1,3,3,1,5
"1086",14,2,7,3,66,2,1,1,7,1,2,7,5,5,2,1,2,2,2,4,2,3,5,2,3,5,2,6,5
"1087",12,3,4,4,75,5,1,1,2,7,7,7,3,2,6,5,5,5,5,5,5,5,3,5,3,2,4,0,10
"1088",12,3,5,5,66,6,1,1,2,2,7,7,2,5,6,3,5,1,5,3,5,3,5,1,5,4,1,0,0
"1089",12,1,2,5,44,6,2,1,4,2,4,7,3,5,5,1,1,1,1,4,4,3,1,3,3,5,4,0,0
"1090",13,2,1,4,34,4,2,1,5,5,6,6,2,3,3,1,1,1,2,3,3,1,5,2,2,4,3,0,1
"1091",12,1,1,1,47,1,1,1,3,6,4,2,1,3,4,2,2,3,2,3,3,1,4,2,1,3,4,1,2
"1092",12,3,4,3,44,3,2,1,3,7,7,4,6,5,5,2,2,3,3,1,1,2,4,4,2,4,4,0,0
"1093",12,1,7,5,52,8,1,4,1,1,4,7,1,5,1,3,3,1,2,4,5,3,3,3,5,4,5,0,0
"1094",8,3,7,5,49,8,2,4,2,4,5,7,4,5,6,2,2,2,3,2,3,3,3,3,4,4,4,0,0
"1095",12,3,5,2,62,0,1,1,4,2,2,7,3,5,6,4,4,4,4,5,5,5,2,2,5,5,5,0,6
"1096",13,2,1,2,44,5,2,4,1,7,7,3,1,2,5,1,1,1,1,1,4,1,5,5,1,5,1,1,10
"1097",13,1,2,5,42,3,1,4,4,2,4,7,4,5,6,1,1,1,1,1,1,1,1,1,1,4,4,0,0
"1098",11,2,7,5,80,5,2,1,1,2,7,7,2,5,2,2,2,2,4,1,5,2,5,5,5,4,4,0,1
"1099",16,2,2,5,51,2,2,2,6,3,4,7,1,5,3,2,2,2,2,2,3,2,2,2,3,3,3,4,0
"1100",14,3,6,5,64,4,2,1,1,1,2,2,1,1,1,1,1,1,2,1,1,1,5,1,1,4,1,0,0
"1101",11,1,2,1,42,0,1,4,1,2,4,7,2,4,6,2,1,3,2,2,5,3,4,3,4,4,4,0,0
"1102",16,3,5,1,64,1,2,2,5,3,5,4,2,5,5,1,1,1,2,2,2,1,5,4,2,5,3,2,6
"1103",16,3,5,1,84,4,1,2,5,5,5,5,2,6,6,2,2,2,2,2,4,1,5,2,1,4,2,2,3
"1104",12,3,1,5,52,0,1,4,5,2,1,1,2,2,5,1,1,1,3,4,5,3,4,2,4,4,4,0,6
"1105",20,3,4,4,48,2,1,1,6,7,6,5,1,1,5,1,1,1,1,1,1,1,5,2,1,4,4,3,5
"1106",13,2,5,5,62,1,2,2,6,7,7,7,1,5,1,1,1,1,5,4,3,1,5,3,3,5,2,5,0
"1107",15,2,1,3,55,2,2,5,2,7,5,7,1,1,2,1,1,1,2,3,5,1,1,1,4,1,5,0,2
"1108",12,3,5,1,65,2,2,2,2,4,4,3,2,6,6,1,1,1,2,2,4,2,3,4,1,3,3,2,5
"1109",14,2,2,1,25,0,2,1,3,7,3,7,2,3,4,2,2,2,3,3,4,2,4,1,2,3,5,3,2
"1110",15,3,5,2,83,3,1,2,4,3,4,5,1,1,4,2,1,1,2,2,3,1,5,3,2,5,5,10,6
"1111",13,2,8,5,56,1,1,2,5,3,3,7,6,5,6,2,2,1,3,4,5,3,5,2,4,4,5,0,0
"1112",13,2,2,3,74,2,1,1,2,7,5,3,1,1,2,2,2,1,2,2,3,1,2,2,1,4,3,0,5
"1113",13,2,1,3,54,3,2,1,6,5,6,7,2,2,3,2,1,1,4,1,4,1,5,2,3,5,5,0,0
"1114",12,3,2,1,58,0,1,4,5,7,6,6,2,4,4,1,1,1,2,4,5,1,5,2,2,4,3,3,6
"1115",13,2,1,5,27,0,1,4,1,7,2,6,1,4,6,1,2,1,3,2,2,1,3,5,2,3,1,5,5
"1116",12,2,7,1,52,3,2,1,2,2,2,7,1,5,6,1,1,2,3,1,1,1,1,1,1,3,3,5,5
"1117",16,4,5,1,71,3,1,1,5,5,5,6,2,5,6,2,2,1,2,2,3,2,5,3,2,3,5,1,2
"1118",14,2,2,1,68,4,1,2,3,7,5,4,2,5,3,2,2,1,2,1,1,1,1,1,2,5,5,0,5
"1119",12,3,5,1,74,3,2,2,5,7,6,7,1,5,6,2,2,2,3,3,3,2,2,4,2,5,5,2,6
"1120",18,3,5,1,69,2,2,2,3,4,3,4,2,5,6,3,2,2,4,1,3,1,1,5,2,3,4,6,5
